Workbook

Sheet Standard Curve
E1: Well | F1: Fluor | G1: Target | H1: Content | I1: Ct Machine | J1: Ct Mean Machine | K1: Ct Std. Dev Machine | L1: Starting Quantity (SQ) CPR Machine | M1: Log Starting Quantity Machine | N1: Run File
F2: FAM | H2: NA026 | L2: 1000000 | M2: =LOG(L2) -> 6
F3: FAM | H3: NA026 | L3: 1000000 | M3: =LOG(L3) -> 6
F4: FAM | H4: NA015 | L4: 100000 | M4: =LOG(L4) -> 5
F5: FAM | H5: NA015 | L5: 100000 | M5: =LOG(L5) -> 5
F6: FAM | H6: NA015 | L6: 100000 | M6: =LOG(L6) -> 5
F7: FAM | H7: NA015 | L7: 100000 | M7: =LOG(L7) -> 5
F8: FAM | H8: NA014 | L8: 10000 | M8: =LOG(L8) -> 4
F9: FAM | H9: NA014 | L9: 10000 | M9: =LOG(L9) -> 4
F10: FAM | H10: NA014 | L10: 10000 | M10: =LOG(L10) -> 4
F11: FAM | H11: NA014 | L11: 10000 | M11: =LOG(L11) -> 4
F12: FAM | H12: NA013 | L12: 1000 | M12: =LOG(L12) -> 3
F13: FAM | H13: NA013 | L13: 1000 | M13: =LOG(L13) -> 3
... F15: FAM | H15: NA012 | L15: 100 | M15: =LOG(L15) -> 2
A16: Std Curve Metrics | B16: Values | C16: Criteria
A17: % Efficiency | B17: =IF(E2="","",((10^(-1/B19))-1)*100) | C17: 90<%Efficiency<110 | D17: =IF(AND(B17>90, B17<110),"Pass","FAIL") -> FAIL
A18: r^2 | B18: =IF(E2="","",RSQ($I$2:$I$494,$M$2:$M$494)) | C18: r^2 | D18: =IF(B18>0.985,"Pass","FAIL") -> Pass
A19: Slope | B19: =IF(E2="","",SLOPE($I$2:$I$494,$M$2:$M$494))
A20: y-intercept | B20: =IF(E2="","",INTERCEPT($I$2:$I$494,$M$2:$M$494))
A21: Assay | B21: Phytoxigene Total Cyano

Sheet Outlier Check
B1: Well | C1: Fluor | D1: Target | E1: Content | F1: Ct Machine | G1: Ct Mean Machine | H1: Ct Std. Dev Machine | I1: Starting Quantity (SQ) CPR Machine | J1: Log Starting Quantity Machine | K1: Run File | L1: Ct Average (All Runs) | M1: Ct Std. Dev Machine (All Runs) | N1: tau | O1: Test 1 | P1: Test 2 | Q1: Test 3 | R1: Test 4
C2: FAM | E2: NA026 | I2: 1000000 | J2: =LOG(I2) -> 6 | L2: =IF(ISNUMBER(F2),AVERAGE($F$2:$F$11),"") | M2: =IF(ISNUMBER(F2),STDEV($F$2:$F$11),"") | N2: =IF(ISNUMBER(G2),VLOOKUP(VALUE(COUNTIF($E$2:$E$11,"NA026")),$T$2:$U$27,2),"") | O2: =IF(ISNUMBER(F2),IF(ABS(L2-F2)<1,"PASS","FAIL"),"") | P2: =IF(ISNUMBER(F2),IF((L2-F2)-(N2*M2)<0,"PASS","FAIL"),"") | Q2: =IF(ISNUMBER(F2),IF(G2>(L2+(M2*3)),"FAIL","PASS"),"") | R2: =IF(ISNUMBER(F2),IF(G2<(L2-(M2*3)),"FAIL","PASS"),"") | T2: n | U2: tau
C3: FAM | E3: NA026 | I3: 1000000 | J3: =LOG(I3) -> 6 | L3: =IF(ISNUMBER(F3),AVERAGE($F$2:$F$11),"") | M3: =IF(ISNUMBER(F3),STDEV($F$2:$F$11),"") | N3: =IF(ISNUMBER(G3),VLOOKUP(VALUE(COUNTIF($E$2:$E$11,"NA026")),$T$2:$U$27,2),"") | O3: =IF(ISNUMBER(F3),IF(ABS(L3-F3)<1,"PASS","FAIL"),"") | P3: =IF(ISNUMBER(F3),IF((L3-F3)-(N3*M3)<0,"PASS","FAIL"),"") | Q3: =IF(ISNUMBER(F3),IF(G3>(L3+(M3*3)),"FAIL","PASS"),"") | R3: =IF(ISNUMBER(F3),IF(G3<(L3-(M3*3)),"FAIL","PASS"),"") | T3: 3 | U3: 1.1511
L4: =IF(ISNUMBER(F4),AVERAGE($F$2:$F$11),"") | M4: =IF(ISNUMBER(F4),STDEV($F$2:$F$11),"") | N4: =IF(ISNUMBER(G4),VLOOKUP(VALUE(COUNTIF($E$2:$E$11,"NA026")),$T$2:$U$27,2),"") | O4: =IF(ISNUMBER(F4),IF(ABS(L4-F4)<1,"PASS","FAIL"),"") | P4: =IF(ISNUMBER(F4),IF((L4-F4)-(N4*M4)<0,"PASS","FAIL"),"") | Q4: =IF(ISNUMBER(F4),IF(G4>(L4+(M4*3)),"FAIL","PASS"),"") | R4: =IF(ISNUMBER(F4),IF(G4<(L4-(M4*3)),"FAIL","PASS"),"") | T4: 4 | U4: 1.425
L5: =IF(ISNUMBER(F5),AVERAGE($F$2:$F$11),"") | M5: =IF(ISNUMBER(F5),STDEV($F$2:$F$11),"") | N5: =IF(ISNUMBER(G5),VLOOKUP(VALUE(COUNTIF($E$2:$E$11,"NA026")),$T$2:$U$27,2),"") | O5: =IF(ISNUMBER(F5),IF(ABS(L5-F5)<1,"PASS","FAIL"),"") | P5: =IF(ISNUMBER(F5),IF((L5-F5)-(N5*M5)<0,"PASS","FAIL"),"") | Q5: =IF(ISNUMBER(F5),IF(G5>(L5+(M5*3)),"FAIL","PASS"),"") | R5: =IF(ISNUMBER(F5),IF(G5<(L5-(M5*3)),"FAIL","PASS"),"") | T5: 5 | U5: 1.5712
A6: NA026 | L6: =IF(ISNUMBER(F6),AVERAGE($F$2:$F$11),"") | M6: =IF(ISNUMBER(F6),STDEV($F$2:$F$11),"") | N6: =IF(ISNUMBER(G6),VLOOKUP(VALUE(COUNTIF($E$2:$E$11,"NA026")),$T$2:$U$27,2),"") | O6: =IF(ISNUMBER(F6),IF(ABS(L6-F6)<1,"PASS","FAIL"),"") | P6: =IF(ISNUMBER(F6),IF((L6-F6)-(N6*M6)<0,"PASS","FAIL"),"") | Q6: =IF(ISNUMBER(F6),IF(G6>(L6+(M6*3)),"FAIL","PASS"),"") | R6: =IF(ISNUMBER(F6),IF(G6<(L6-(M6*3)),"FAIL","PASS"),"") | T6: 6 | U6: 1.6563
A7: ONLY | L7: =IF(ISNUMBER(F7),AVERAGE($F$2:$F$11),"") | M7: =IF(ISNUMBER(F7),STDEV($F$2:$F$11),"") | N7: =IF(ISNUMBER(G7),VLOOKUP(VALUE(COUNTIF($E$2:$E$11,"NA026")),$T$2:$U$27,2),"") | O7: =IF(ISNUMBER(F7),IF(ABS(L7-F7)<1,"PASS","FAIL"),"") | P7: =IF(ISNUMBER(F7),IF((L7-F7)-(N7*M7)<0,"PASS","FAIL"),"") | Q7: =IF(ISNUMBER(F7),IF(G7>(L7+(M7*3)),"FAIL","PASS"),"") | R7: =IF(ISNUMBER(F7),IF(G7<(L7-(M7*3)),"FAIL","PASS"),"") | T7: 7 | U7: 1.711
L8: =IF(ISNUMBER(F8),AVERAGE($F$2:$F$11),"") | M8: =IF(ISNUMBER(F8),STDEV($F$2:$F$11),"") | N8: =IF(ISNUMBER(G8),VLOOKUP(VALUE(COUNTIF($E$2:$E$11,"NA026")),$T$2:$U$27,2),"") | O8: =IF(ISNUMBER(F8),IF(ABS(L8-F8)<1,"PASS","FAIL"),"") | P8: =IF(ISNUMBER(F8),IF((L8-F8)-(N8*M8)<0,"PASS","FAIL"),"") | Q8: =IF(ISNUMBER(F8),IF(G8>(L8+(M8*3)),"FAIL","PASS"),"") | R8: =IF(ISNUMBER(F8),IF(G8<(L8-(M8*3)),"FAIL","PASS"),"") | T8: 8 | U8: 1.7491
L9: =IF(ISNUMBER(F9),AVERAGE($F$2:$F$11),"") | M9: =IF(ISNUMBER(F9),STDEV($F$2:$F$11),"") | N9: =IF(ISNUMBER(G9),VLOOKUP(VALUE(COUNTIF($E$2:$E$11,"NA026")),$T$2:$U$27,2),"") | O9: =IF(ISNUMBER(F9),IF(ABS(L9-F9)<1,"PASS","FAIL"),"") | P9: =IF(ISNUMBER(F9),IF((L9-F9)-(N9*M9)<0,"PASS","FAIL"),"") | Q9: =IF(ISNUMBER(F9),IF(G9>(L9+(M9*3)),"FAIL","PASS"),"") | R9: =IF(ISNUMBER(F9),IF(G9<(L9-(M9*3)),"FAIL","PASS"),"") | T9: 9 | U9: 1.777
L10: =IF(ISNUMBER(F10),AVERAGE($F$2:$F$11),"") | M10: =IF(ISNUMBER(F10),STDEV($F$2:$F$11),"") | N10: =IF(ISNUMBER(G10),VLOOKUP(VALUE(COUNTIF($E$2:$E$11,"NA026")),$T$2:$U$27,2),"") | O10: =IF(ISNUMBER(F10),IF(ABS(L10-F10)<1,"PASS","FAIL"),"") | P10: =IF(ISNUMBER(F10),IF((L10-F10)-(N10*M10)<0,"PASS","FAIL"),"") | Q10: =IF(ISNUMBER(F10),IF(G10>(L10+(M10*3)),"FAIL","PASS"),"") | R10: =IF(ISNUMBER(F10),IF(G10<(L10-(M10*3)),"FAIL","PASS"),"") | T10: 10 | U10: 1.7984
L11: =IF(ISNUMBER(F11),AVERAGE($F$2:$F$11),"") | M11: =IF(ISNUMBER(F11),STDEV($F$2:$F$11),"") | N11: =IF(ISNUMBER(G11),VLOOKUP(VALUE(COUNTIF($E$2:$E$11,"NA026")),$T$2:$U$27,2),"") | O11: =IF(ISNUMBER(F11),IF(ABS(L11-F11)<1,"PASS","FAIL"),"") | P11: =IF(ISNUMBER(F11),IF((L11-F11)-(N11*M11)<0,"PASS","FAIL"),"") | Q11: =IF(ISNUMBER(F11),IF(G11>(L11+(M11*3)),"FAIL","PASS"),"") | R11: =IF(ISNUMBER(F11),IF(G11<(L11-(M11*3)),"FAIL","PASS"),"") | T11: 12 | U11: 1.829
C12: FAM | E12: NA015 | I12: 100000 | J12: =LOG(I12) -> 5 | L12: =IF(ISNUMBER(F12),AVERAGE($F$12:$F$21),"") | M12: =IF(ISNUMBER(F12),STDEV($F$12:$F$21),"") | N12: =IF(ISNUMBER(G12),VLOOKUP(VALUE(COUNTIF($E$12:$E$21,"NA015")),$T$2:$U$27,2),"") | O12: =IF(ISNUMBER(F12),IF(ABS(L12-F12)<1,"PASS","FAIL"),"") | P12: =IF(ISNUMBER(F12),IF((L12-F12)-(N12*M12)<0,"PASS","FAIL"),"") | Q12: =IF(ISNUMBER(F12),IF(G12>(L12+(M12*3)),"FAIL","PASS"),"") | R12: =IF(ISNUMBER(F12),IF(G12<(L12-(M12*3)),"FAIL","PASS"),"") | T12: 14 | U12: 1.8498
C13: FAM | E13: NA015 | I13: 100000 | J13: =LOG(I13) -> 5 | L13: =IF(ISNUMBER(F13),AVERAGE($F$12:$F$21),"") | M13: =IF(ISNUMBER(F13),STDEV($F$12:$F$21),"") | N13: =IF(ISNUMBER(G13),VLOOKUP(VALUE(COUNTIF($E$12:$E$21,"NA015")),$T$2:$U$27,2),"") | O13: =IF(ISNUMBER(F13),IF(ABS(L13-F13)<1,"PASS","FAIL"),"") | P13: =IF(ISNUMBER(F13),IF((L13-F13)-(N13*M13)<0,"PASS","FAIL"),"") | Q13: =IF(ISNUMBER(F13),IF(G13>(L13+(M13*3)),"FAIL","PASS"),"") | R13: =IF(ISNUMBER(F13),IF(G13<(L13-(M13*3)),"FAIL","PASS"),"") | T13: 15 | U13: 1.8579
C14: FAM | E14: NA015 | I14: 100000 | J14: =LOG(I14) -> 5 | L14: =IF(ISNUMBER(F14),AVERAGE($F$12:$F$21),"") | M14: =IF(ISNUMBER(F14),STDEV($F$12:$F$21),"") | N14: =IF(ISNUMBER(G14),VLOOKUP(VALUE(COUNTIF($E$12:$E$21,"NA015")),$T$2:$U$27,2),"") | O14: =IF(ISNUMBER(F14),IF(ABS(L14-F14)<1,"PASS","FAIL"),"") | P14: =IF(ISNUMBER(F14),IF((L14-F14)-(N14*M14)<0,"PASS","FAIL"),"") | Q14: =IF(ISNUMBER(F14),IF(G14>(L14+(M14*3)),"FAIL","PASS"),"") | R14: =IF(ISNUMBER(F14),IF(G14<(L14-(M14*3)),"FAIL","PASS"),"") | T14: 16 | U14: 1.8649
C15: FAM | E15: NA015 | I15: 100000 | J15: =LOG(I15) -> 5 | L15: =IF(ISNUMBER(F15),AVERAGE($F$12:$F$21),"") | M15: =IF(ISNUMBER(F15),STDEV($F$12:$F$21),"") | N15: =IF(ISNUMBER(G15),VLOOKUP(VALUE(COUNTIF($E$12:$E$21,"NA015")),$T$2:$U$27,2),"") | O15: =IF(ISNUMBER(F15),IF(ABS(L15-F15)<1,"PASS","FAIL"),"") | P15: =IF(ISNUMBER(F15),IF((L15-F15)-(N15*M15)<0,"PASS","FAIL"),"") | Q15: =IF(ISNUMBER(F15),IF(G15>(L15+(M15*3)),"FAIL","PASS"),"") | R15: =IF(ISNUMBER(F15),IF(G15<(L15-(M15*3)),"FAIL","PASS"),"") | T15: 18 | U15: 1.8764
A16: NA015 | L16: =IF(ISNUMBER(F16),AVERAGE($F$12:$F$21),"") | M16: =IF(ISNUMBER(F16),STDEV($F$12:$F$21),"") | N16: =IF(ISNUMBER(G16),VLOOKUP(VALUE(COUNTIF($E$12:$E$21,"NA015")),$T$2:$U$27,2),"") | O16: =IF(ISNUMBER(F16),IF(ABS(L16-F16)<1,"PASS","FAIL"),"") | P16: =IF(ISNUMBER(F16),IF((L16-F16)-(N16*M16)<0,"PASS","FAIL"),"") | Q16: =IF(ISNUMBER(F16),IF(G16>(L16+(M16*3)),"FAIL","PASS"),"") | R16: =IF(ISNUMBER(F16),IF(G16<(L16-(M16*3)),"FAIL","PASS"),"") | T16: 19 | U16: 1.8811
A17: ONLY | L17: =IF(ISNUMBER(F17),AVERAGE($F$12:$F$21),"") | M17: =IF(ISNUMBER(F17),STDEV($F$12:$F$21),"") | N17: =IF(ISNUMBER(G17),VLOOKUP(VALUE(COUNTIF($E$12:$E$21,"NA015")),$T$2:$U$27,2),"") | O17: =IF(ISNUMBER(F17),IF(ABS(L17-F17)<1,"PASS","FAIL"),"") | P17: =IF(ISNUMBER(F17),IF((L17-F17)-(N17*M17)<0,"PASS","FAIL"),"") | Q17: =IF(ISNUMBER(F17),IF(G17>(L17+(M17*3)),"FAIL","PASS"),"") | R17: =IF(ISNUMBER(F17),IF(G17<(L17-(M17*3)),"FAIL","PASS"),"") | T17: 20 | U17: 1.8853
L18: =IF(ISNUMBER(F18),AVERAGE($F$12:$F$21),"") | M18: =IF(ISNUMBER(F18),STDEV($F$12:$F$21),"") | N18: =IF(ISNUMBER(G18),VLOOKUP(VALUE(COUNTIF($E$12:$E$21,"NA015")),$T$2:$U$27,2),"") | O18: =IF(ISNUMBER(F18),IF(ABS(L18-F18)<1,"PASS","FAIL"),"") | P18: =IF(ISNUMBER(F18),IF((L18-F18)-(N18*M18)<0,"PASS","FAIL"),"") | Q18: =IF(ISNUMBER(F18),IF(G18>(L18+(M18*3)),"FAIL","PASS"),"") | R18: =IF(ISNUMBER(F18),IF(G18<(L18-(M18*3)),"FAIL","PASS"),"") | T18: 21 | U18: 1.8891
L19: =IF(ISNUMBER(F19),AVERAGE($F$12:$F$21),"") | M19: =IF(ISNUMBER(F19),STDEV($F$12:$F$21),"") | N19: =IF(ISNUMBER(G19),VLOOKUP(VALUE(COUNTIF($E$12:$E$21,"NA015")),$T$2:$U$27,2),"") | O19: =IF(ISNUMBER(F19),IF(ABS(L19-F19)<1,"PASS","FAIL"),"") | P19: =IF(ISNUMBER(F19),IF((L19-F19)-(N19*M19)<0,"PASS","FAIL"),"") | Q19: =IF(ISNUMBER(F19),IF(G19>(L19+(M19*3)),"FAIL","PASS"),"") | R19: =IF(ISNUMBER(F19),IF(G19<(L19-(M19*3)),"FAIL","PASS"),"") | T19: 22 | U19: 1.8926
L20: =IF(ISNUMBER(F20),AVERAGE($F$12:$F$21),"") | M20: =IF(ISNUMBER(F20),STDEV($F$12:$F$21),"") | N20: =IF(ISNUMBER(G20),VLOOKUP(VALUE(COUNTIF($E$12:$E$21,"NA015")),$T$2:$U$27,2),"") | O20: =IF(ISNUMBER(F20),IF(ABS(L20-F20)<1,"PASS","FAIL"),"") | P20: =IF(ISNUMBER(F20),IF((L20-F20)-(N20*M20)<0,"PASS","FAIL"),"") | Q20: =IF(ISNUMBER(F20),IF(G20>(L20+(M20*3)),"FAIL","PASS"),"") | R20: =IF(ISNUMBER(F20),IF(G20<(L20-(M20*3)),"FAIL","PASS"),"") | T20: 23 | U20: 1.8957
L21: =IF(ISNUMBER(F21),AVERAGE($F$12:$F$21),"") | M21: =IF(ISNUMBER(F21),STDEV($F$12:$F$21),"") | N21: =IF(ISNUMBER(G21),VLOOKUP(VALUE(COUNTIF($E$12:$E$21,"NA015")),$T$2:$U$27,2),"") | O21: =IF(ISNUMBER(F21),IF(ABS(L21-F21)<1,"PASS","FAIL"),"") | P21: =IF(ISNUMBER(F21),IF((L21-F21)-(N21*M21)<0,"PASS","FAIL"),"") | Q21: =IF(ISNUMBER(F21),IF(G21>(L21+(M21*3)),"FAIL","PASS"),"") | R21: =IF(ISNUMBER(F21),IF(G21<(L21-(M21*3)),"FAIL","PASS"),"") | T21: 24 | U21: 1.8985
C22: FAM | E22: NA014 | I22: 10000 | J22: =LOG(I22) -> 4 | L22: =IF(ISNUMBER(F22),AVERAGE($F$22:$F$31),"") | M22: =IF(ISNUMBER(F22),STDEV($F$22:$F$31),"") | N22: =IF(ISNUMBER(G22),VLOOKUP(VALUE(COUNTIF($E$22:$E$31,"NA014")),$T$2:$U$27,2),"") | O22: =IF(ISNUMBER(F22),IF(ABS(L22-F22)<1,"PASS","FAIL"),"") | P22: =IF(ISNUMBER(F22),IF((L22-F22)-(N22*M22)<0,"PASS","FAIL"),"") | Q22: =IF(ISNUMBER(F22),IF(G22>(L22+(M22*3)),"FAIL","PASS"),"") | R22: =IF(ISNUMBER(F22),IF(G22<(L22-(M22*3)),"FAIL","PASS"),"") | T22: 25 | U22: 1.9011
C23: FAM | E23: NA014 | I23: 10000 | J23: =LOG(I23) -> 4 | L23: =IF(ISNUMBER(F23),AVERAGE($F$22:$F$31),"") | M23: =IF(ISNUMBER(F23),STDEV($F$22:$F$31),"") | N23: =IF(ISNUMBER(G23),VLOOKUP(VALUE(COUNTIF($E$22:$E$31,"NA014")),$T$2:$U$27,2),"") | O23: =IF(ISNUMBER(F23),IF(ABS(L23-F23)<1,"PASS","FAIL"),"") | P23: =IF(ISNUMBER(F23),IF((L23-F23)-(N23*M23)<0,"PASS","FAIL"),"") | Q23: =IF(ISNUMBER(F23),IF(G23>(L23+(M23*3)),"FAIL","PASS"),"") | R23: =IF(ISNUMBER(F23),IF(G23<(L23-(M23*3)),"FAIL","PASS"),"") | T23: 26 | U23: 1.9035
C24: FAM | E24: NA014 | I24: 10000 | J24: =LOG(I24) -> 4 | L24: =IF(ISNUMBER(F24),AVERAGE($F$22:$F$31),"") | M24: =IF(ISNUMBER(F24),STDEV($F$22:$F$31),"") | N24: =IF(ISNUMBER(G24),VLOOKUP(VALUE(COUNTIF($E$22:$E$31,"NA014")),$T$2:$U$27,2),"") | O24: =IF(ISNUMBER(F24),IF(ABS(L24-F24)<1,"PASS","FAIL"),"") | P24: =IF(ISNUMBER(F24),IF((L24-F24)-(N24*M24)<0,"PASS","FAIL"),"") | Q24: =IF(ISNUMBER(F24),IF(G24>(L24+(M24*3)),"FAIL","PASS"),"") | R24: =IF(ISNUMBER(F24),IF(G24<(L24-(M24*3)),"FAIL","PASS"),"") | T24: 27 | U24: 1.9057
C25: FAM | E25: NA014 | I25: 10000 | J25: =LOG(I25) -> 4 | L25: =IF(ISNUMBER(F25),AVERAGE($F$22:$F$31),"") | M25: =IF(ISNUMBER(F25),STDEV($F$22:$F$31),"") | N25: =IF(ISNUMBER(G25),VLOOKUP(VALUE(COUNTIF($E$22:$E$31,"NA014")),$T$2:$U$27,2),"") | O25: =IF(ISNUMBER(F25),IF(ABS(L25-F25)<1,"PASS","FAIL"),"") | P25: =IF(ISNUMBER(F25),IF((L25-F25)-(N25*M25)<0,"PASS","FAIL"),"") | Q25: =IF(ISNUMBER(F25),IF(G25>(L25+(M25*3)),"FAIL","PASS"),"") | R25: =IF(ISNUMBER(F25),IF(G25<(L25-(M25*3)),"FAIL","PASS"),"") | T25: 28 | U25: 1.9078
A26: NA014 | L26: =IF(ISNUMBER(F26),AVERAGE($F$22:$F$31),"") | M26: =IF(ISNUMBER(F26),STDEV($F$22:$F$31),"") | N26: =IF(ISNUMBER(G26),VLOOKUP(VALUE(COUNTIF($E$22:$E$31,"NA014")),$T$2:$U$27,2),"") | O26: =IF(ISNUMBER(F26),IF(ABS(L26-F26)<1,"PASS","FAIL"),"") | P26: =IF(ISNUMBER(F26),IF((L26-F26)-(N26*M26)<0,"PASS","FAIL"),"") | Q26: =IF(ISNUMBER(F26),IF(G26>(L26+(M26*3)),"FAIL","PASS"),"") | R26: =IF(ISNUMBER(F26),IF(G26<(L26-(M26*3)),"FAIL","PASS"),"") | T26: 29 | U26: 1.9096
A27: ONLY | L27: =IF(ISNUMBER(F27),AVERAGE($F$22:$F$31),"") | M27: =IF(ISNUMBER(F27),STDEV($F$22:$F$31),"") | N27: =IF(ISNUMBER(G27),VLOOKUP(VALUE(COUNTIF($E$22:$E$31,"NA014")),$T$2:$U$27,2),"") | O27: =IF(ISNUMBER(F27),IF(ABS(L27-F27)<1,"PASS","FAIL"),"") | P27: =IF(ISNUMBER(F27),IF((L27-F27)-(N27*M27)<0,"PASS","FAIL"),"") | Q27: =IF(ISNUMBER(F27),IF(G27>(L27+(M27*3)),"FAIL","PASS"),"") | R27: =IF(ISNUMBER(F27),IF(G27<(L27-(M27*3)),"FAIL","PASS"),"") | T27: 30 | U27: 1.9114
L28: =IF(ISNUMBER(F28),AVERAGE($F$22:$F$31),"") | M28: =IF(ISNUMBER(F28),STDEV($F$22:$F$31),"") | N28: =IF(ISNUMBER(G28),VLOOKUP(VALUE(COUNTIF($E$22:$E$31,"NA014")),$T$2:$U$27,2),"") | O28: =IF(ISNUMBER(F28),IF(ABS(L28-F28)<1,"PASS","FAIL"),"") | P28: =IF(ISNUMBER(F28),IF((L28-F28)-(N28*M28)<0,"PASS","FAIL"),"") | Q28: =IF(ISNUMBER(F28),IF(G28>(L28+(M28*3)),"FAIL","PASS"),"") | R28: =IF(ISNUMBER(F28),IF(G28<(L28-(M28*3)),"FAIL","PASS"),"")
L29: =IF(ISNUMBER(F29),AVERAGE($F$22:$F$31),"") | M29: =IF(ISNUMBER(F29),STDEV($F$22:$F$31),"") | N29: =IF(ISNUMBER(G29),VLOOKUP(VALUE(COUNTIF($E$22:$E$31,"NA014")),$T$2:$U$27,2),"") | O29: =IF(ISNUMBER(F29),IF(ABS(L29-F29)<1,"PASS","FAIL"),"") | P29: =IF(ISNUMBER(F29),IF((L29-F29)-(N29*M29)<0,"PASS","FAIL"),"") | Q29: =IF(ISNUMBER(F29),IF(G29>(L29+(M29*3)),"FAIL","PASS"),"") | R29: =IF(ISNUMBER(F29),IF(G29<(L29-(M29*3)),"FAIL","PASS"),"")
L30: =IF(ISNUMBER(F30),AVERAGE($F$22:$F$31),"") | M30: =IF(ISNUMBER(F30),STDEV($F$22:$F$31),"") | N30: =IF(ISNUMBER(G30),VLOOKUP(VALUE(COUNTIF($E$22:$E$31,"NA014")),$T$2:$U$27,2),"") | O30: =IF(ISNUMBER(F30),IF(ABS(L30-F30)<1,"PASS","FAIL"),"") | P30: =IF(ISNUMBER(F30),IF((L30-F30)-(N30*M30)<0,"PASS","FAIL"),"") | Q30: =IF(ISNUMBER(F30),IF(G30>(L30+(M30*3)),"FAIL","PASS"),"") | R30: =IF(ISNUMBER(F30),IF(G30<(L30-(M30*3)),"FAIL","PASS"),"")
L31: =IF(ISNUMBER(F31),AVERAGE($F$22:$F$31),"") | M31: =IF(ISNUMBER(F31),STDEV($F$22:$F$31),"") | N31: =IF(ISNUMBER(G31),VLOOKUP(VALUE(COUNTIF($E$22:$E$31,"NA014")),$T$2:$U$27,2),"") | O31: =IF(ISNUMBER(F31),IF(ABS(L31-F31)<1,"PASS","FAIL"),"") | P31: =IF(ISNUMBER(F31),IF((L31-F31)-(N31*M31)<0,"PASS","FAIL"),"") | Q31: =IF(ISNUMBER(F31),IF(G31>(L31+(M31*3)),"FAIL","PASS"),"") | R31: =IF(ISNUMBER(F31),IF(G31<(L31-(M31*3)),"FAIL","PASS"),"")
C32: FAM | E32: NA013 | I32: 1000 | J32: =LOG(I32) -> 3 | L32: =IF(ISNUMBER(F32),AVERAGE($F$32:$F$41),"") | M32: =IF(ISNUMBER(F32),STDEV($F$32:$F$41),"") | N32: =IF(ISNUMBER(G32),VLOOKUP(VALUE(COUNTIF($E$32:$E$41,"NA013")),$T$2:$U$27,2),"") | O32: =IF(ISNUMBER(F32),IF(ABS(L32-F32)<1,"PASS","FAIL"),"") | P32: =IF(ISNUMBER(F32),IF((L32-F32)-(N32*M32)<0,"PASS","FAIL"),"") | Q32: =IF(ISNUMBER(F32),IF(G32>(L32+(M32*3)),"FAIL","PASS"),"") | R32: =IF(ISNUMBER(F32),IF(G32<(L32-(M32*3)),"FAIL","PASS"),"")
C33: FAM | E33: NA013 | I33: 1000 | J33: =LOG(I33) -> 3 | L33: =IF(ISNUMBER(F33),AVERAGE($F$32:$F$41),"") | M33: =IF(ISNUMBER(F33),STDEV($F$32:$F$41),"") | N33: =IF(ISNUMBER(G33),VLOOKUP(VALUE(COUNTIF($E$32:$E$41,"NA013")),$T$2:$U$27,2),"") | O33: =IF(ISNUMBER(F33),IF(ABS(L33-F33)<1,"PASS","FAIL"),"") | P33: =IF(ISNUMBER(F33),IF((L33-F33)-(N33*M33)<0,"PASS","FAIL"),"") | Q33: =IF(ISNUMBER(F33),IF(G33>(L33+(M33*3)),"FAIL","PASS"),"") | R33: =IF(ISNUMBER(F33),IF(G33<(L33-(M33*3)),"FAIL","PASS"),"")
L34: =IF(ISNUMBER(F34),AVERAGE($F$32:$F$41),"") | M34: =IF(ISNUMBER(F34),STDEV($F$32:$F$41),"") | N34: =IF(ISNUMBER(G34),VLOOKUP(VALUE(COUNTIF($E$32:$E$41,"NA013")),$T$2:$U$27,2),"") | O34: =IF(ISNUMBER(F34),IF(ABS(L34-F34)<1,"PASS","FAIL"),"") | P34: =IF(ISNUMBER(F34),IF((L34-F34)-(N34*M34)<0,"PASS","FAIL"),"") | Q34: =IF(ISNUMBER(F34),IF(G34>(L34+(M34*3)),"FAIL","PASS"),"") | R34: =IF(ISNUMBER(F34),IF(G34<(L34-(M34*3)),"FAIL","PASS"),"")
L35: =IF(ISNUMBER(F35),AVERAGE($F$32:$F$41),"") | M35: =IF(ISNUMBER(F35),STDEV($F$32:$F$41),"") | N35: =IF(ISNUMBER(G35),VLOOKUP(VALUE(COUNTIF($E$32:$E$41,"NA013")),$T$2:$U$27,2),"") | O35: =IF(ISNUMBER(F35),IF(ABS(L35-F35)<1,"PASS","FAIL"),"") | P35: =IF(ISNUMBER(F35),IF((L35-F35)-(N35*M35)<0,"PASS","FAIL"),"") | Q35: =IF(ISNUMBER(F35),IF(G35>(L35+(M35*3)),"FAIL","PASS"),"") | R35: =IF(ISNUMBER(F35),IF(G35<(L35-(M35*3)),"FAIL","PASS"),"")
A36: NA013 | L36: =IF(ISNUMBER(F36),AVERAGE($F$32:$F$41),"") | M36: =IF(ISNUMBER(F36),STDEV($F$32:$F$41),"") | N36: =IF(ISNUMBER(G36),VLOOKUP(VALUE(COUNTIF($E$32:$E$41,"NA013")),$T$2:$U$27,2),"") | O36: =IF(ISNUMBER(F36),IF(ABS(L36-F36)<1,"PASS","FAIL"),"") | P36: =IF(ISNUMBER(F36),IF((L36-F36)-(N36*M36)<0,"PASS","FAIL"),"") | Q36: =IF(ISNUMBER(F36),IF(G36>(L36+(M36*3)),"FAIL","PASS"),"") | R36: =IF(ISNUMBER(F36),IF(G36<(L36-(M36*3)),"FAIL","PASS"),"")
A37: ONLY | L37: =IF(ISNUMBER(F37),AVERAGE($F$32:$F$41),"") | M37: =IF(ISNUMBER(F37),STDEV($F$32:$F$41),"") | N37: =IF(ISNUMBER(G37),VLOOKUP(VALUE(COUNTIF($E$32:$E$41,"NA013")),$T$2:$U$27,2),"") | O37: =IF(ISNUMBER(F37),IF(ABS(L37-F37)<1,"PASS","FAIL"),"") | P37: =IF(ISNUMBER(F37),IF((L37-F37)-(N37*M37)<0,"PASS","FAIL"),"") | Q37: =IF(ISNUMBER(F37),IF(G37>(L37+(M37*3)),"FAIL","PASS"),"") | R37: =IF(ISNUMBER(F37),IF(G37<(L37-(M37*3)),"FAIL","PASS"),"")
L38: =IF(ISNUMBER(F38),AVERAGE($F$32:$F$41),"") | M38: =IF(ISNUMBER(F38),STDEV($F$32:$F$41),"") | N38: =IF(ISNUMBER(G38),VLOOKUP(VALUE(COUNTIF($E$32:$E$41,"NA013")),$T$2:$U$27,2),"") | O38: =IF(ISNUMBER(F38),IF(ABS(L38-F38)<1,"PASS","FAIL"),"") | P38: =IF(ISNUMBER(F38),IF((L38-F38)-(N38*M38)<0,"PASS","FAIL"),"") | Q38: =IF(ISNUMBER(F38),IF(G38>(L38+(M38*3)),"FAIL","PASS"),"") | R38: =IF(ISNUMBER(F38),IF(G38<(L38-(M38*3)),"FAIL","PASS"),"")
L39: =IF(ISNUMBER(F39),AVERAGE($F$32:$F$41),"") | M39: =IF(ISNUMBER(F39),STDEV($F$32:$F$41),"") | N39: =IF(ISNUMBER(G39),VLOOKUP(VALUE(COUNTIF($E$32:$E$41,"NA013")),$T$2:$U$27,2),"") | O39: =IF(ISNUMBER(F39),IF(ABS(L39-F39)<1,"PASS","FAIL"),"") | P39: =IF(ISNUMBER(F39),IF((L39-F39)-(N39*M39)<0,"PASS","FAIL"),"") | Q39: =IF(ISNUMBER(F39),IF(G39>(L39+(M39*3)),"FAIL","PASS"),"") | R39: =IF(ISNUMBER(F39),IF(G39<(L39-(M39*3)),"FAIL","PASS"),"")
L40: =IF(ISNUMBER(F40),AVERAGE($F$32:$F$41),"") | M40: =IF(ISNUMBER(F40),STDEV($F$32:$F$41),"") | N40: =IF(ISNUMBER(G40),VLOOKUP(VALUE(COUNTIF($E$32:$E$41,"NA013")),$T$2:$U$27,2),"") | O40: =IF(ISNUMBER(F40),IF(ABS(L40-F40)<1,"PASS","FAIL"),"") | P40: =IF(ISNUMBER(F40),IF((L40-F40)-(N40*M40)<0,"PASS","FAIL"),"") | Q40: =IF(ISNUMBER(F40),IF(G40>(L40+(M40*3)),"FAIL","PASS"),"") | R40: =IF(ISNUMBER(F40),IF(G40<(L40-(M40*3)),"FAIL","PASS"),"")
L41: =IF(ISNUMBER(F41),AVERAGE($F$32:$F$41),"") | M41: =IF(ISNUMBER(F41),STDEV($F$32:$F$41),"") | N41: =IF(ISNUMBER(G41),VLOOKUP(VALUE(COUNTIF($E$32:$E$41,"NA013")),$T$2:$U$27,2),"") | O41: =IF(ISNUMBER(F41),IF(ABS(L41-F41)<1,"PASS","FAIL"),"") | P41: =IF(ISNUMBER(F41),IF((L41-F41)-(N41*M41)<0,"PASS","FAIL"),"") | Q41: =IF(ISNUMBER(F41),IF(G41>(L41+(M41*3)),"FAIL","PASS"),"") | R41: =IF(ISNUMBER(F41),IF(G41<(L41-(M41*3)),"FAIL","PASS"),"")
C42: FAM | E42: NA012 | I42: 100 | J42: =LOG(I42) -> 2 | L42: =IF(ISNUMBER(F42),AVERAGE($F$42:$F$51),"") | M42: =IF(ISNUMBER(F42),STDEV($F$42:$F$51),"") | N42: =IF(ISNUMBER(G42),VLOOKUP(VALUE(COUNTIF($E$42:$E$51,"NA012")),$T$2:$U$27,2),"") | O42: =IF(ISNUMBER(F42),IF(ABS(L42-F42)<1,"PASS","FAIL"),"") | P42: =IF(ISNUMBER(F42),IF((L42-F42)-(N42*M42)<0,"PASS","FAIL"),"") | Q42: =IF(ISNUMBER(F42),IF(G42>(L42+(M42*3)),"FAIL","PASS"),"") | R42: =IF(ISNUMBER(F42),IF(G42<(L42-(M42*3)),"FAIL","PASS"),"")
C43: FAM | E43: NA012 | I43: 100 | J43: =LOG(I43) -> 2 | L43: =IF(ISNUMBER(F43),AVERAGE($F$42:$F$51),"") | M43: =IF(ISNUMBER(F43),STDEV($F$42:$F$51),"") | N43: =IF(ISNUMBER(G43),VLOOKUP(VALUE(COUNTIF($E$42:$E$51,"NA012")),$T$2:$U$27,2),"") | O43: =IF(ISNUMBER(F43),IF(ABS(L43-F43)<1,"PASS","FAIL"),"") | P43: =IF(ISNUMBER(F43),IF((L43-F43)-(N43*M43)<0,"PASS","FAIL"),"") | Q43: =IF(ISNUMBER(F43),IF(G43>(L43+(M43*3)),"FAIL","PASS"),"") | R43: =IF(ISNUMBER(F43),IF(G43<(L43-(M43*3)),"FAIL","PASS"),"")
L44: =IF(ISNUMBER(F44),AVERAGE($F$42:$F$51),"") | M44: =IF(ISNUMBER(F44),STDEV($F$42:$F$51),"") | N44: =IF(ISNUMBER(G44),VLOOKUP(VALUE(COUNTIF($E$42:$E$51,"NA012")),$T$2:$U$27,2),"") | O44: =IF(ISNUMBER(F44),IF(ABS(L44-F44)<1,"PASS","FAIL"),"") | P44: =IF(ISNUMBER(F44),IF((L44-F44)-(N44*M44)<0,"PASS","FAIL"),"") | Q44: =IF(ISNUMBER(F44),IF(G44>(L44+(M44*3)),"FAIL","PASS"),"") | R44: =IF(ISNUMBER(F44),IF(G44<(L44-(M44*3)),"FAIL","PASS"),"")
L45: =IF(ISNUMBER(F45),AVERAGE($F$42:$F$51),"") | M45: =IF(ISNUMBER(F45),STDEV($F$42:$F$51),"") | N45: =IF(ISNUMBER(G45),VLOOKUP(VALUE(COUNTIF($E$42:$E$51,"NA012")),$T$2:$U$27,2),"") | O45: =IF(ISNUMBER(F45),IF(ABS(L45-F45)<1,"PASS","FAIL"),"") | P45: =IF(ISNUMBER(F45),IF((L45-F45)-(N45*M45)<0,"PASS","FAIL"),"") | Q45: =IF(ISNUMBER(F45),IF(G45>(L45+(M45*3)),"FAIL","PASS"),"") | R45: =IF(ISNUMBER(F45),IF(G45<(L45-(M45*3)),"FAIL","PASS"),"")
A46: NA012 | L46: =IF(ISNUMBER(F46),AVERAGE($F$42:$F$51),"") | M46: =IF(ISNUMBER(F46),STDEV($F$42:$F$51),"") | N46: =IF(ISNUMBER(G46),VLOOKUP(VALUE(COUNTIF($E$42:$E$51,"NA012")),$T$2:$U$27,2),"") | O46: =IF(ISNUMBER(F46),IF(ABS(L46-F46)<1,"PASS","FAIL"),"") | P46: =IF(ISNUMBER(F46),IF((L46-F46)-(N46*M46)<0,"PASS","FAIL"),"") | Q46: =IF(ISNUMBER(F46),IF(G46>(L46+(M46*3)),"FAIL","PASS"),"") | R46: =IF(ISNUMBER(F46),IF(G46<(L46-(M46*3)),"FAIL","PASS"),"")
A47: ONLY | L47: =IF(ISNUMBER(F47),AVERAGE($F$42:$F$51),"") | M47: =IF(ISNUMBER(F47),STDEV($F$42:$F$51),"") | N47: =IF(ISNUMBER(G47),VLOOKUP(VALUE(COUNTIF($E$42:$E$51,"NA012")),$T$2:$U$27,2),"") | O47: =IF(ISNUMBER(F47),IF(ABS(L47-F47)<1,"PASS","FAIL"),"") | P47: =IF(ISNUMBER(F47),IF((L47-F47)-(N47*M47)<0,"PASS","FAIL"),"") | Q47: =IF(ISNUMBER(F47),IF(G47>(L47+(M47*3)),"FAIL","PASS"),"") | R47: =IF(ISNUMBER(F47),IF(G47<(L47-(M47*3)),"FAIL","PASS"),"")
L48: =IF(ISNUMBER(F48),AVERAGE($F$42:$F$51),"") | M48: =IF(ISNUMBER(F48),STDEV($F$42:$F$51),"") | N48: =IF(ISNUMBER(G48),VLOOKUP(VALUE(COUNTIF($E$42:$E$51,"NA012")),$T$2:$U$27,2),"") | O48: =IF(ISNUMBER(F48),IF(ABS(L48-F48)<1,"PASS","FAIL"),"") | P48: =IF(ISNUMBER(F48),IF((L48-F48)-(N48*M48)<0,"PASS","FAIL"),"") | Q48: =IF(ISNUMBER(F48),IF(G48>(L48+(M48*3)),"FAIL","PASS"),"") | R48: =IF(ISNUMBER(F48),IF(G48<(L48-(M48*3)),"FAIL","PASS"),"")
L49: =IF(ISNUMBER(F49),AVERAGE($F$42:$F$51),"") | M49: =IF(ISNUMBER(F49),STDEV($F$42:$F$51),"") | N49: =IF(ISNUMBER(G49),VLOOKUP(VALUE(COUNTIF($E$42:$E$51,"NA012")),$T$2:$U$27,2),"") | O49: =IF(ISNUMBER(F49),IF(ABS(L49-F49)<1,"PASS","FAIL"),"") | P49: =IF(ISNUMBER(F49),IF((L49-F49)-(N49*M49)<0,"PASS","FAIL"),"") | Q49: =IF(ISNUMBER(F49),IF(G49>(L49+(M49*3)),"FAIL","PASS"),"") | R49: =IF(ISNUMBER(F49),IF(G49<(L49-(M49*3)),"FAIL","PASS"),"")
L50: =IF(ISNUMBER(F50),AVERAGE($F$42:$F$51),"") | M50: =IF(ISNUMBER(F50),STDEV($F$42:$F$51),"") | N50: =IF(ISNUMBER(G50),VLOOKUP(VALUE(COUNTIF($E$42:$E$51,"NA012")),$T$2:$U$27,2),"") | O50: =IF(ISNUMBER(F50),IF(ABS(L50-F50)<1,"PASS","FAIL"),"") | P50: =IF(ISNUMBER(F50),IF((L50-F50)-(N50*M50)<0,"PASS","FAIL"),"") | Q50: =IF(ISNUMBER(F50),IF(G50>(L50+(M50*3)),"FAIL","PASS"),"") | R50: =IF(ISNUMBER(F50),IF(G50<(L50-(M50*3)),"FAIL","PASS"),"")
L51: =IF(ISNUMBER(F51),AVERAGE($F$42:$F$51),"") | M51: =IF(ISNUMBER(F51),STDEV($F$42:$F$51),"") | N51: =IF(ISNUMBER(G51),VLOOKUP(VALUE(COUNTIF($E$42:$E$51,"NA012")),$T$2:$U$27,2),"") | O51: =IF(ISNUMBER(F51),IF(ABS(L51-F51)<1,"PASS","FAIL"),"") | P51: =IF(ISNUMBER(F51),IF((L51-F51)-(N51*M51)<0,"PASS","FAIL"),"") | Q51: =IF(ISNUMBER(F51),IF(G51>(L51+(M51*3)),"FAIL","PASS"),"") | R51: =IF(ISNUMBER(F51),IF(G51<(L51-(M51*3)),"FAIL","PASS"),"")

Sheet NTC
A1: Well Position | B1: Sample Name | C1: Target Name | D1: Reporter | E1: Ct Machine | F1: Ct Mean Machine | G1: Ct Std. Dev Machine | H1: Ct Data File Name | I1: Test 5
I2: =IF(ISNUMBER(E2),IF(E2>36,"PASS","FAIL"),"")
I3: =IF(ISNUMBER(E3),IF(E3>36,"PASS","FAIL"),"")
I4: =IF(ISNUMBER(E4),IF(E4>36,"PASS","FAIL"),"")
I5: =IF(ISNUMBER(E5),IF(E5>36,"PASS","FAIL"),"")
I6: =IF(ISNUMBER(E6),IF(E6>36,"PASS","FAIL"),"")
I7: =IF(ISNUMBER(E7),IF(E7>36,"PASS","FAIL"),"")
I8: =IF(ISNUMBER(E8),IF(E8>36,"PASS","FAIL"),"")
I9: =IF(ISNUMBER(E9),IF(E9>36,"PASS","FAIL"),"")
I10: =IF(ISNUMBER(E10),IF(E10>36,"PASS","FAIL"),"")
I11: =IF(ISNUMBER(E11),IF(E11>36,"PASS","FAIL"),"")
I12: =IF(ISNUMBER(E12),IF(E12>36,"PASS","FAIL"),"")
I13: =IF(ISNUMBER(E13),IF(E13>36,"PASS","FAIL"),"")
... I100: =IF(ISNUMBER(E100),IF(E100>36,"PASS","FAIL"),"")

Sheet Negative Controls
A1: Well Position | B1: Sample Name | C1: Target Name | D1: Reporter | E1: Ct Machine | F1: Ct Mean Machine | G1: Ct Std. Dev Machine | H1: Ct Data File Name | I1: Test 6
I2: =IF(ISNUMBER(E2), IF(E2>'Outlier Check'!$L$42,"PASS","FAIL"),"")
I3: =IF(ISNUMBER(E3), IF(E3>'Outlier Check'!$L$42,"PASS","FAIL"),"")
I4: =IF(ISNUMBER(E4), IF(E4>'Outlier Check'!$L$42,"PASS","FAIL"),"")
I5: =IF(ISNUMBER(E5), IF(E5>'Outlier Check'!$L$42,"PASS","FAIL"),"")
I6: =IF(ISNUMBER(E6), IF(E6>'Outlier Check'!$L$42,"PASS","FAIL"),"")
I7: =IF(ISNUMBER(E7), IF(E7>'Outlier Check'!$L$42,"PASS","FAIL"),"")
I8: =IF(ISNUMBER(E8), IF(E8>'Outlier Check'!$L$42,"PASS","FAIL"),"")
I9: =IF(ISNUMBER(E9), IF(E9>'Outlier Check'!$L$42,"PASS","FAIL"),"")
I10: =IF(ISNUMBER(E10), IF(E10>'Outlier Check'!$L$42,"PASS","FAIL"),"")
I11: =IF(ISNUMBER(E11), IF(E11>'Outlier Check'!$L$42,"PASS","FAIL"),"")
I12: =IF(ISNUMBER(E12), IF(E12>'Outlier Check'!$L$42,"PASS","FAIL"),"")
I13: =IF(ISNUMBER(E13), IF(E13>'Outlier Check'!$L$42,"PASS","FAIL"),"")
... I100: =IF(ISNUMBER(E100), IF(E100>'Outlier Check'!$L$42,"PASS","FAIL"),"")

Sheet Sample Metadata
A1: Project | B1: Date Sample Taken | C1: Time Sample Taken | D1: Sample ID | E1: DNA ID | F1: Volume Filtered | G1: Date Extracted | H1: Volume Eluted | I1: Volume Template
I2: 5
I3: 5
I4: 5
I5: 5
I6: 5
I7: 5
I8: 5
I9: 5
I10: 5
I11: 5
I12: 5
I13: 5
... I43: 5

Sheet qPCR Run Entry
A1: RUN 1 | L1: RUN 2 | W1: RUN 3
A3: Sample ID | B3: Well Position | C3: Sample Name | D3: Dilution Factor | E3: Target Name | F3: Reporter | G3: Ct Machine | H3: Ct Mean Machine | I3: Ct Std. Dev Machine | J3: Ct Data File Name | L3: Sample ID | M3: Well Position | N3: Sample Name | O3: Dilution | P3: Target Name | Q3: Reporter | R3: Ct Machine | S3: Ct Mean Machine | T3: Ct Std. Dev Machine | U3: Ct Data File Name | W3: Sample ID | X3: Well Position | Y3: Sample Name | Z3: Dilution | AA3: Target Name | AB3: Reporter | AC3: Ct Machine | AD3: Ct Mean Machine | AE3: Ct Std. Dev Machine | AF3: Ct Data File Name
A4: ='Sample Metadata'!D2 -> 0 | L4: =A4 -> 0 | W4: =L4 -> 0
A6: ='Sample Metadata'!D3 -> 0 | L6: =A6 -> 0 | W6: =L6 -> 0
A8: ='Sample Metadata'!D4 -> 0 | L8: =A8 -> 0 | W8: =L8 -> 0
A10: ='Sample Metadata'!D5 -> 0 | L10: =A10 -> 0 | W10: =L10 -> 0
A12: ='Sample Metadata'!D6 -> 0 | L12: =A12 -> 0 | W12: =L12 -> 0
A14: ='Sample Metadata'!D7 -> 0 | L14: =A14 -> 0 | W14: =L14 -> 0
A16: ='Sample Metadata'!D8 -> 0 | L16: =A16 -> 0 | W16: =L16 -> 0
A18: ='Sample Metadata'!D9 -> 0 | L18: =A18 -> 0 | W18: =L18 -> 0
A20: ='Sample Metadata'!D10 -> 0 | L20: =A20 -> 0 | W20: =L20 -> 0
A22: ='Sample Metadata'!D11 -> 0 | L22: =A22 -> 0 | W22: =L22 -> 0
A24: ='Sample Metadata'!D12 -> 0 | L24: =A24 -> 0 | W24: =L24 -> 0
A26: ='Sample Metadata'!D13 -> 0 | L26: =A26 -> 0 | W26: =L26 -> 0
A28: ='Sample Metadata'!D14 -> 0 | L28: =A28 -> 0 | W28: =L28 -> 0
A30: ='Sample Metadata'!D15 -> 0 | L30: =A30 -> 0 | W30: =L30 -> 0
A32: ='Sample Metadata'!D16 -> 0 | L32: =A32 -> 0 | W32: =L32 -> 0
A34: ='Sample Metadata'!D17 -> 0 | L34: =A34 -> 0 | W34: =L34 -> 0
A36: ='Sample Metadata'!D18 -> 0 | L36: =A36 -> 0 | W36: =L36 -> 0
A38: ='Sample Metadata'!D19 -> 0 | L38: =A38 -> 0 | W38: =L38 -> 0
A40: ='Sample Metadata'!D20 -> 0 | L40: =A40 -> 0 | W40: =L40 -> 0
A42: ='Sample Metadata'!D21 -> 0 | L42: =A42 -> 0 | W42: =L42 -> 0
A44: ='Sample Metadata'!D22 -> 0 | L44: =A44 -> 0 | W44: =L44 -> 0
A46: ='Sample Metadata'!D23 -> 0 | L46: =A46 -> 0 | W46: =L46 -> 0
A48: ='Sample Metadata'!D24 -> 0 | L48: =A48 -> 0 | W48: =L48 -> 0
A50: ='Sample Metadata'!D25 -> 0 | L50: =A50 -> 0 | W50: =L50 -> 0
A52: ='Sample Metadata'!D26 -> 0 | L52: =A52 -> 0 | W52: =L52 -> 0
A54: ='Sample Metadata'!D27 -> 0 | L54: =A54 -> 0 | W54: =L54 -> 0
A56: ='Sample Metadata'!D28 -> 0 | L56: =A56 -> 0 | W56: =L56 -> 0
A58: ='Sample Metadata'!D29 -> 0 | L58: =A58 -> 0 | W58: =L58 -> 0
A60: ='Sample Metadata'!D30 -> 0 | L60: =A60 -> 0 | W60: =L60 -> 0
A62: ='Sample Metadata'!D31 -> 0 | L62: =A62 -> 0 | W62: =L62 -> 0
A64: ='Sample Metadata'!D32 -> 0 | L64: =A64 -> 0 | W64: =L64 -> 0
A66: ='Sample Metadata'!D33 -> 0 | L66: =A66 -> 0 | W66: =L66 -> 0
A68: ='Sample Metadata'!D34 -> 0 | L68: =A68 -> 0 | W68: =L68 -> 0
A70: ='Sample Metadata'!D35 -> 0 | L70: =A70 -> 0 | W70: =L70 -> 0
A72: ='Sample Metadata'!D36 -> 0 | L72: =A72 -> 0 | W72: =L72 -> 0
A74: ='Sample Metadata'!D37 -> 0 | L74: =A74 -> 0 | W74: =L74 -> 0
A76: ='Sample Metadata'!D38 -> 0 | L76: =A76 -> 0 | W76: =L76 -> 0
A78: ='Sample Metadata'!D39 -> 0 | L78: =A78 -> 0 | W78: =L78 -> 0
A80: ='Sample Metadata'!D40 -> 0 | L80: =A80 -> 0 | W80: =L80 -> 0
A82: ='Sample Metadata'!D41 -> 0 | L82: =A82 -> 0 | W82: =L82 -> 0
A84: ='Sample Metadata'!D42 -> 0 | L84: =A84 -> 0 | W84: =L84 -> 0
A86: ='Sample Metadata'!D43 -> 0 | L86: =A86 -> 0 | W86: =L86 -> 0

Sheet IAC
A1: RUN 1 | O1: RUN 2 | AC1: RUN 3
A3: Sample ID | B3: Well Position | C3: Sample Name | D3: Dilution Factor | E3: Target Name | F3: Reporter | G3: Ct Machine | H3: Ct Mean Machine | I3: Ct Std. Dev Machine | J3: Ct Data File Name | K3: Ct Mean (NTC of Run) | L3: Ct - Ct Mean (NTC of Run) | M3: Test 7 | O3: Sample ID | P3: Well Position | Q3: Sample Name | R3: Dilution | S3: Target Name | T3: Reporter | U3: Ct Machine | V3: Ct Mean Machine | W3: Ct Std. Dev Machine | X3: Ct Data File Name | Y3: Ct Mean (NTC of Run) | Z3: Ct - Ct Mean (NTC of Run) | AA3: Test 7 | AC3: Sample ID | AD3: Well Position | AE3: Sample Name | AF3: Dilution | AG3: Target Name | AH3: Reporter | AI3: Ct Machine | AJ3: Ct Mean Machine | AK3: Ct Std. Dev Machine | AL3: Ct Data File Name | AM3: Ct Mean (NTC of Run) | AN3: Ct - Ct Mean (NTC of Run) | AO3: Test 7
A4: ='Sample Metadata'!D2 -> 0 | B4: =IF('qPCR Run Entry'!B4="","",'qPCR Run Entry'!B4) | C4: =IF('qPCR Run Entry'!C4="","",'qPCR Run Entry'!C4) | D4: =IF('qPCR Run Entry'!D4="","",'qPCR Run Entry'!D4) | E4: IAC | F4: CALFL-ORNG | J4: =IF('qPCR Run Entry'!J4="","",'qPCR Run Entry'!J4) | L4: =G4-K4 -> 0 | M4: =IF(ISNUMBER(K4),IF(ABS(L4)>1.5, "FAIL", "Pass"),"") | O4: =A4 -> 0 | P4: =IF('qPCR Run Entry'!M4="","",'qPCR Run Entry'!M4) | Q4: =IF('qPCR Run Entry'!N4="","",'qPCR Run Entry'!N4) | R4: =IF('qPCR Run Entry'!O4="","",'qPCR Run Entry'!O4) | S4: IAC | T4: CALFL-ORNG | X4: =IF('qPCR Run Entry'!U4="","",'qPCR Run Entry'!U4) | Z4: =U4-Y4 -> 0 | AA4: =IF(ISNUMBER(Y4),IF(ABS(Z4)>1.5, "FAIL", "Pass"),"") | AC4: =O4 -> 0 | AD4: =IF('qPCR Run Entry'!X4="","",'qPCR Run Entry'!X4) | AE4: =IF('qPCR Run Entry'!Y4="","",'qPCR Run Entry'!Y4) | AF4: =IF('qPCR Run Entry'!Z4="","",'qPCR Run Entry'!Z4) | AG4: IAC | AH4: CALFL-ORNG | AL4: =IF('qPCR Run Entry'!AF4="","",'qPCR Run Entry'!AF4) | AN4: =AI4-AM4 -> 0 | AO4: =IF(ISNUMBER(AM4),IF(ABS(AN4)>1.5, "FAIL", "Pass"),"")
B5: =IF('qPCR Run Entry'!B5="","",'qPCR Run Entry'!B5) | C5: =IF('qPCR Run Entry'!C5="","",'qPCR Run Entry'!C5) | E5: IAC | F5: CALFL-ORNG | J5: =IF('qPCR Run Entry'!J5="","",'qPCR Run Entry'!J5) | L5: =G5-K5 -> 0 | M5: =IF(ISNUMBER(K5),IF(ABS(L5)>1.5, "FAIL", "Pass"),"") | P5: =IF('qPCR Run Entry'!M5="","",'qPCR Run Entry'!M5) | Q5: =IF('qPCR Run Entry'!N5="","",'qPCR Run Entry'!N5) | R5: =IF('qPCR Run Entry'!O5="","",'qPCR Run Entry'!O5) | S5: IAC | T5: CALFL-ORNG | X5: =IF('qPCR Run Entry'!U5="","",'qPCR Run Entry'!U5) | Z5: =U5-Y5 -> 0 | AA5: =IF(ISNUMBER(Y5),IF(ABS(Z5)>1.5, "FAIL", "Pass"),"") | AD5: =IF('qPCR Run Entry'!X5="","",'qPCR Run Entry'!X5) | AE5: =IF('qPCR Run Entry'!Y5="","",'qPCR Run Entry'!Y5) | AF5: =IF('qPCR Run Entry'!Z5="","",'qPCR Run Entry'!Z5) | AG5: IAC | AH5: CALFL-ORNG | AL5: =IF('qPCR Run Entry'!AF5="","",'qPCR Run Entry'!AF5) | AN5: =AI5-AM5 -> 0 | AO5: =IF(ISNUMBER(AM5),IF(ABS(AN5)>1.5, "FAIL", "Pass"),"")
A6: ='Sample Metadata'!D3 -> 0 | B6: =IF('qPCR Run Entry'!B6="","",'qPCR Run Entry'!B6) | C6: =IF('qPCR Run Entry'!C6="","",'qPCR Run Entry'!C6) | D6: =IF('qPCR Run Entry'!D6="","",'qPCR Run Entry'!D6) | E6: IAC | F6: CALFL-ORNG | J6: =IF('qPCR Run Entry'!J6="","",'qPCR Run Entry'!J6) | L6: =G6-K6 -> 0 | M6: =IF(ISNUMBER(K6),IF(ABS(L6)>1.5, "FAIL", "Pass"),"") | O6: =A6 -> 0 | P6: =IF('qPCR Run Entry'!M6="","",'qPCR Run Entry'!M6) | Q6: =IF('qPCR Run Entry'!N6="","",'qPCR Run Entry'!N6) | R6: =IF('qPCR Run Entry'!O6="","",'qPCR Run Entry'!O6) | S6: IAC | T6: CALFL-ORNG | X6: =IF('qPCR Run Entry'!U6="","",'qPCR Run Entry'!U6) | Z6: =U6-Y6 -> 0 | AA6: =IF(ISNUMBER(Y6),IF(ABS(Z6)>1.5, "FAIL", "Pass"),"") | AC6: =O6 -> 0 | AD6: =IF('qPCR Run Entry'!X6="","",'qPCR Run Entry'!X6) | AE6: =IF('qPCR Run Entry'!Y6="","",'qPCR Run Entry'!Y6) | AF6: =IF('qPCR Run Entry'!Z6="","",'qPCR Run Entry'!Z6) | AG6: IAC | AH6: CALFL-ORNG | AL6: =IF('qPCR Run Entry'!AF6="","",'qPCR Run Entry'!AF6) | AN6: =AI6-AM6 -> 0 | AO6: =IF(ISNUMBER(AM6),IF(ABS(AN6)>1.5, "FAIL", "Pass"),"")
B7: =IF('qPCR Run Entry'!B7="","",'qPCR Run Entry'!B7) | C7: =IF('qPCR Run Entry'!C7="","",'qPCR Run Entry'!C7) | E7: IAC | F7: CALFL-ORNG | J7: =IF('qPCR Run Entry'!J7="","",'qPCR Run Entry'!J7) | L7: =G7-K7 -> 0 | M7: =IF(ISNUMBER(K7),IF(ABS(L7)>1.5, "FAIL", "Pass"),"") | P7: =IF('qPCR Run Entry'!M7="","",'qPCR Run Entry'!M7) | Q7: =IF('qPCR Run Entry'!N7="","",'qPCR Run Entry'!N7) | R7: =IF('qPCR Run Entry'!O7="","",'qPCR Run Entry'!O7) | S7: IAC | T7: CALFL-ORNG | X7: =IF('qPCR Run Entry'!U7="","",'qPCR Run Entry'!U7) | Z7: =U7-Y7 -> 0 | AA7: =IF(ISNUMBER(Y7),IF(ABS(Z7)>1.5, "FAIL", "Pass"),"") | AD7: =IF('qPCR Run Entry'!X7="","",'qPCR Run Entry'!X7) | AE7: =IF('qPCR Run Entry'!Y7="","",'qPCR Run Entry'!Y7) | AF7: =IF('qPCR Run Entry'!Z7="","",'qPCR Run Entry'!Z7) | AG7: IAC | AH7: CALFL-ORNG | AL7: =IF('qPCR Run Entry'!AF7="","",'qPCR Run Entry'!AF7) | AN7: =AI7-AM7 -> 0 | AO7: =IF(ISNUMBER(AM7),IF(ABS(AN7)>1.5, "FAIL", "Pass"),"")
A8: ='Sample Metadata'!D4 -> 0 | B8: =IF('qPCR Run Entry'!B8="","",'qPCR Run Entry'!B8) | C8: =IF('qPCR Run Entry'!C8="","",'qPCR Run Entry'!C8) | D8: =IF('qPCR Run Entry'!D8="","",'qPCR Run Entry'!D8) | E8: IAC | F8: CALFL-ORNG | J8: =IF('qPCR Run Entry'!J8="","",'qPCR Run Entry'!J8) | L8: =G8-K8 -> 0 | M8: =IF(ISNUMBER(K8),IF(ABS(L8)>1.5, "FAIL", "Pass"),"") | O8: =A8 -> 0 | P8: =IF('qPCR Run Entry'!M8="","",'qPCR Run Entry'!M8) | Q8: =IF('qPCR Run Entry'!N8="","",'qPCR Run Entry'!N8) | R8: =IF('qPCR Run Entry'!O8="","",'qPCR Run Entry'!O8) | S8: IAC | T8: CALFL-ORNG | X8: =IF('qPCR Run Entry'!U8="","",'qPCR Run Entry'!U8) | Z8: =U8-Y8 -> 0 | AA8: =IF(ISNUMBER(Y8),IF(ABS(Z8)>1.5, "FAIL", "Pass"),"") | AC8: =O8 -> 0 | AD8: =IF('qPCR Run Entry'!X8="","",'qPCR Run Entry'!X8) | AE8: =IF('qPCR Run Entry'!Y8="","",'qPCR Run Entry'!Y8) | AF8: =IF('qPCR Run Entry'!Z8="","",'qPCR Run Entry'!Z8) | AG8: IAC | AH8: CALFL-ORNG | AL8: =IF('qPCR Run Entry'!AF8="","",'qPCR Run Entry'!AF8) | AN8: =AI8-AM8 -> 0 | AO8: =IF(ISNUMBER(AM8),IF(ABS(AN8)>1.5, "FAIL", "Pass"),"")
B9: =IF('qPCR Run Entry'!B9="","",'qPCR Run Entry'!B9) | C9: =IF('qPCR Run Entry'!C9="","",'qPCR Run Entry'!C9) | E9: IAC | F9: CALFL-ORNG | J9: =IF('qPCR Run Entry'!J9="","",'qPCR Run Entry'!J9) | L9: =G9-K9 -> 0 | M9: =IF(ISNUMBER(K9),IF(ABS(L9)>1.5, "FAIL", "Pass"),"") | P9: =IF('qPCR Run Entry'!M9="","",'qPCR Run Entry'!M9) | Q9: =IF('qPCR Run Entry'!N9="","",'qPCR Run Entry'!N9) | R9: =IF('qPCR Run Entry'!O9="","",'qPCR Run Entry'!O9) | S9: IAC | T9: CALFL-ORNG | X9: =IF('qPCR Run Entry'!U9="","",'qPCR Run Entry'!U9) | Z9: =U9-Y9 -> 0 | AA9: =IF(ISNUMBER(Y9),IF(ABS(Z9)>1.5, "FAIL", "Pass"),"") | AD9: =IF('qPCR Run Entry'!X9="","",'qPCR Run Entry'!X9) | AE9: =IF('qPCR Run Entry'!Y9="","",'qPCR Run Entry'!Y9) | AF9: =IF('qPCR Run Entry'!Z9="","",'qPCR Run Entry'!Z9) | AG9: IAC | AH9: CALFL-ORNG | AL9: =IF('qPCR Run Entry'!AF9="","",'qPCR Run Entry'!AF9) | AN9: =AI9-AM9 -> 0 | AO9: =IF(ISNUMBER(AM9),IF(ABS(AN9)>1.5, "FAIL", "Pass"),"")
A10: ='Sample Metadata'!D5 -> 0 | B10: =IF('qPCR Run Entry'!B10="","",'qPCR Run Entry'!B10) | C10: =IF('qPCR Run Entry'!C10="","",'qPCR Run Entry'!C10) | D10: =IF('qPCR Run Entry'!D10="","",'qPCR Run Entry'!D10) | E10: IAC | F10: CALFL-ORNG | J10: =IF('qPCR Run Entry'!J10="","",'qPCR Run Entry'!J10) | L10: =G10-K10 -> 0 | M10: =IF(ISNUMBER(K10),IF(ABS(L10)>1.5, "FAIL", "Pass"),"") | O10: =A10 -> 0 | P10: =IF('qPCR Run Entry'!M10="","",'qPCR Run Entry'!M10) | Q10: =IF('qPCR Run Entry'!N10="","",'qPCR Run Entry'!N10) | R10: =IF('qPCR Run Entry'!O10="","",'qPCR Run Entry'!O10) | S10: IAC | T10: CALFL-ORNG | X10: =IF('qPCR Run Entry'!U10="","",'qPCR Run Entry'!U10) | Z10: =U10-Y10 -> 0 | AA10: =IF(ISNUMBER(Y10),IF(ABS(Z10)>1.5, "FAIL", "Pass"),"") | AC10: =O10 -> 0 | AD10: =IF('qPCR Run Entry'!X10="","",'qPCR Run Entry'!X10) | AE10: =IF('qPCR Run Entry'!Y10="","",'qPCR Run Entry'!Y10) | AF10: =IF('qPCR Run Entry'!Z10="","",'qPCR Run Entry'!Z10) | AG10: IAC | AH10: CALFL-ORNG | AL10: =IF('qPCR Run Entry'!AF10="","",'qPCR Run Entry'!AF10) | AN10: =AI10-AM10 -> 0 | AO10: =IF(ISNUMBER(AM10),IF(ABS(AN10)>1.5, "FAIL", "Pass"),"")
B11: =IF('qPCR Run Entry'!B11="","",'qPCR Run Entry'!B11) | C11: =IF('qPCR Run Entry'!C11="","",'qPCR Run Entry'!C11) | E11: IAC | F11: CALFL-ORNG | J11: =IF('qPCR Run Entry'!J11="","",'qPCR Run Entry'!J11) | L11: =G11-K11 -> 0 | M11: =IF(ISNUMBER(K11),IF(ABS(L11)>1.5, "FAIL", "Pass"),"") | P11: =IF('qPCR Run Entry'!M11="","",'qPCR Run Entry'!M11) | Q11: =IF('qPCR Run Entry'!N11="","",'qPCR Run Entry'!N11) | R11: =IF('qPCR Run Entry'!O11="","",'qPCR Run Entry'!O11) | S11: IAC | T11: CALFL-ORNG | X11: =IF('qPCR Run Entry'!U11="","",'qPCR Run Entry'!U11) | Z11: =U11-Y11 -> 0 | AA11: =IF(ISNUMBER(Y11),IF(ABS(Z11)>1.5, "FAIL", "Pass"),"") | AD11: =IF('qPCR Run Entry'!X11="","",'qPCR Run Entry'!X11) | AE11: =IF('qPCR Run Entry'!Y11="","",'qPCR Run Entry'!Y11) | AF11: =IF('qPCR Run Entry'!Z11="","",'qPCR Run Entry'!Z11) | AG11: IAC | AH11: CALFL-ORNG | AL11: =IF('qPCR Run Entry'!AF11="","",'qPCR Run Entry'!AF11) | AN11: =AI11-AM11 -> 0 | AO11: =IF(ISNUMBER(AM11),IF(ABS(AN11)>1.5, "FAIL", "Pass"),"")
A12: ='Sample Metadata'!D6 -> 0 | B12: =IF('qPCR Run Entry'!B12="","",'qPCR Run Entry'!B12) | C12: =IF('qPCR Run Entry'!C12="","",'qPCR Run Entry'!C12) | D12: =IF('qPCR Run Entry'!D12="","",'qPCR Run Entry'!D12) | E12: IAC | F12: CALFL-ORNG | J12: =IF('qPCR Run Entry'!J12="","",'qPCR Run Entry'!J12) | L12: =G12-K12 -> 0 | M12: =IF(ISNUMBER(K12),IF(ABS(L12)>1.5, "FAIL", "Pass"),"") | O12: =A12 -> 0 | P12: =IF('qPCR Run Entry'!M12="","",'qPCR Run Entry'!M12) | Q12: =IF('qPCR Run Entry'!N12="","",'qPCR Run Entry'!N12) | R12: =IF('qPCR Run Entry'!O12="","",'qPCR Run Entry'!O12) | S12: IAC | T12: CALFL-ORNG | X12: =IF('qPCR Run Entry'!U12="","",'qPCR Run Entry'!U12) | Z12: =U12-Y12 -> 0 | AA12: =IF(ISNUMBER(Y12),IF(ABS(Z12)>1.5, "FAIL", "Pass"),"") | AC12: =O12 -> 0 | AD12: =IF('qPCR Run Entry'!X12="","",'qPCR Run Entry'!X12) | AE12: =IF('qPCR Run Entry'!Y12="","",'qPCR Run Entry'!Y12) | AF12: =IF('qPCR Run Entry'!Z12="","",'qPCR Run Entry'!Z12) | AG12: IAC | AH12: CALFL-ORNG | AL12: =IF('qPCR Run Entry'!AF12="","",'qPCR Run Entry'!AF12) | AN12: =AI12-AM12 -> 0 | AO12: =IF(ISNUMBER(AM12),IF(ABS(AN12)>1.5, "FAIL", "Pass"),"")
B13: =IF('qPCR Run Entry'!B13="","",'qPCR Run Entry'!B13) | C13: =IF('qPCR Run Entry'!C13="","",'qPCR Run Entry'!C13) | E13: IAC | F13: CALFL-ORNG | J13: =IF('qPCR Run Entry'!J13="","",'qPCR Run Entry'!J13) | L13: =G13-K13 -> 0 | M13: =IF(ISNUMBER(K13),IF(ABS(L13)>1.5, "FAIL", "Pass"),"") | P13: =IF('qPCR Run Entry'!M13="","",'qPCR Run Entry'!M13) | Q13: =IF('qPCR Run Entry'!N13="","",'qPCR Run Entry'!N13) | R13: =IF('qPCR Run Entry'!O13="","",'qPCR Run Entry'!O13) | S13: IAC | T13: CALFL-ORNG | X13: =IF('qPCR Run Entry'!U13="","",'qPCR Run Entry'!U13) | Z13: =U13-Y13 -> 0 | AA13: =IF(ISNUMBER(Y13),IF(ABS(Z13)>1.5, "FAIL", "Pass"),"") | AD13: =IF('qPCR Run Entry'!X13="","",'qPCR Run Entry'!X13) | AE13: =IF('qPCR Run Entry'!Y13="","",'qPCR Run Entry'!Y13) | AF13: =IF('qPCR Run Entry'!Z13="","",'qPCR Run Entry'!Z13) | AG13: IAC | AH13: CALFL-ORNG | AL13: =IF('qPCR Run Entry'!AF13="","",'qPCR Run Entry'!AF13) | AN13: =AI13-AM13 -> 0 | AO13: =IF(ISNUMBER(AM13),IF(ABS(AN13)>1.5, "FAIL", "Pass"),"")
A14: ='Sample Metadata'!D7 -> 0 | B14: =IF('qPCR Run Entry'!B14="","",'qPCR Run Entry'!B14) | C14: =IF('qPCR Run Entry'!C14="","",'qPCR Run Entry'!C14) | D14: =IF('qPCR Run Entry'!D14="","",'qPCR Run Entry'!D14) | E14: IAC | F14: CALFL-ORNG | J14: =IF('qPCR Run Entry'!J14="","",'qPCR Run Entry'!J14) | L14: =G14-K14 -> 0 | M14: =IF(ISNUMBER(K14),IF(ABS(L14)>1.5, "FAIL", "Pass"),"") | O14: =A14 -> 0 | P14: =IF('qPCR Run Entry'!M14="","",'qPCR Run Entry'!M14) | Q14: =IF('qPCR Run Entry'!N14="","",'qPCR Run Entry'!N14) | R14: =IF('qPCR Run Entry'!O14="","",'qPCR Run Entry'!O14) | S14: IAC | T14: CALFL-ORNG | X14: =IF('qPCR Run Entry'!U14="","",'qPCR Run Entry'!U14) | Z14: =U14-Y14 -> 0 | AA14: =IF(ISNUMBER(Y14),IF(ABS(Z14)>1.5, "FAIL", "Pass"),"") | AC14: =O14 -> 0 | AD14: =IF('qPCR Run Entry'!X14="","",'qPCR Run Entry'!X14) | AE14: =IF('qPCR Run Entry'!Y14="","",'qPCR Run Entry'!Y14) | AF14: =IF('qPCR Run Entry'!Z14="","",'qPCR Run Entry'!Z14) | AG14: IAC | AH14: CALFL-ORNG | AL14: =IF('qPCR Run Entry'!AF14="","",'qPCR Run Entry'!AF14) | AN14: =AI14-AM14 -> 0 | AO14: =IF(ISNUMBER(AM14),IF(ABS(AN14)>1.5, "FAIL", "Pass"),"")
B15: =IF('qPCR Run Entry'!B15="","",'qPCR Run Entry'!B15) | C15: =IF('qPCR Run Entry'!C15="","",'qPCR Run Entry'!C15) | E15: IAC | F15: CALFL-ORNG | J15: =IF('qPCR Run Entry'!J15="","",'qPCR Run Entry'!J15) | L15: =G15-K15 -> 0 | M15: =IF(ISNUMBER(K15),IF(ABS(L15)>1.5, "FAIL", "Pass"),"") | P15: =IF('qPCR Run Entry'!M15="","",'qPCR Run Entry'!M15) | Q15: =IF('qPCR Run Entry'!N15="","",'qPCR Run Entry'!N15) | R15: =IF('qPCR Run Entry'!O15="","",'qPCR Run Entry'!O15) | S15: IAC | T15: CALFL-ORNG | X15: =IF('qPCR Run Entry'!U15="","",'qPCR Run Entry'!U15) | Z15: =U15-Y15 -> 0 | AA15: =IF(ISNUMBER(Y15),IF(ABS(Z15)>1.5, "FAIL", "Pass"),"") | AD15: =IF('qPCR Run Entry'!X15="","",'qPCR Run Entry'!X15) | AE15: =IF('qPCR Run Entry'!Y15="","",'qPCR Run Entry'!Y15) | AF15: =IF('qPCR Run Entry'!Z15="","",'qPCR Run Entry'!Z15) | AG15: IAC | AH15: CALFL-ORNG | AL15: =IF('qPCR Run Entry'!AF15="","",'qPCR Run Entry'!AF15) | AN15: =AI15-AM15 -> 0 | AO15: =IF(ISNUMBER(AM15),IF(ABS(AN15)>1.5, "FAIL", "Pass"),"")
A16: ='Sample Metadata'!D8 -> 0 | B16: =IF('qPCR Run Entry'!B16="","",'qPCR Run Entry'!B16) | C16: =IF('qPCR Run Entry'!C16="","",'qPCR Run Entry'!C16) | D16: =IF('qPCR Run Entry'!D16="","",'qPCR Run Entry'!D16) | E16: IAC | F16: CALFL-ORNG | J16: =IF('qPCR Run Entry'!J16="","",'qPCR Run Entry'!J16) | L16: =G16-K16 -> 0 | M16: =IF(ISNUMBER(K16),IF(ABS(L16)>1.5, "FAIL", "Pass"),"") | O16: =A16 -> 0 | P16: =IF('qPCR Run Entry'!M16="","",'qPCR Run Entry'!M16) | Q16: =IF('qPCR Run Entry'!N16="","",'qPCR Run Entry'!N16) | R16: =IF('qPCR Run Entry'!O16="","",'qPCR Run Entry'!O16) | S16: IAC | T16: CALFL-ORNG | X16: =IF('qPCR Run Entry'!U16="","",'qPCR Run Entry'!U16) | Z16: =U16-Y16 -> 0 | AA16: =IF(ISNUMBER(Y16),IF(ABS(Z16)>1.5, "FAIL", "Pass"),"") | AC16: =O16 -> 0 | AD16: =IF('qPCR Run Entry'!X16="","",'qPCR Run Entry'!X16) | AE16: =IF('qPCR Run Entry'!Y16="","",'qPCR Run Entry'!Y16) | AF16: =IF('qPCR Run Entry'!Z16="","",'qPCR Run Entry'!Z16) | AG16: IAC | AH16: CALFL-ORNG | AL16: =IF('qPCR Run Entry'!AF16="","",'qPCR Run Entry'!AF16) | AN16: =AI16-AM16 -> 0 | AO16: =IF(ISNUMBER(AM16),IF(ABS(AN16)>1.5, "FAIL", "Pass"),"")
B17: =IF('qPCR Run Entry'!B17="","",'qPCR Run Entry'!B17) | C17: =IF('qPCR Run Entry'!C17="","",'qPCR Run Entry'!C17) | E17: IAC | F17: CALFL-ORNG | J17: =IF('qPCR Run Entry'!J17="","",'qPCR Run Entry'!J17) | L17: =G17-K17 -> 0 | M17: =IF(ISNUMBER(K17),IF(ABS(L17)>1.5, "FAIL", "Pass"),"") | P17: =IF('qPCR Run Entry'!M17="","",'qPCR Run Entry'!M17) | Q17: =IF('qPCR Run Entry'!N17="","",'qPCR Run Entry'!N17) | R17: =IF('qPCR Run Entry'!O17="","",'qPCR Run Entry'!O17) | S17: IAC | T17: CALFL-ORNG | X17: =IF('qPCR Run Entry'!U17="","",'qPCR Run Entry'!U17) | Z17: =U17-Y17 -> 0 | AA17: =IF(ISNUMBER(Y17),IF(ABS(Z17)>1.5, "FAIL", "Pass"),"") | AD17: =IF('qPCR Run Entry'!X17="","",'qPCR Run Entry'!X17) | AE17: =IF('qPCR Run Entry'!Y17="","",'qPCR Run Entry'!Y17) | AF17: =IF('qPCR Run Entry'!Z17="","",'qPCR Run Entry'!Z17) | AG17: IAC | AH17: CALFL-ORNG | AL17: =IF('qPCR Run Entry'!AF17="","",'qPCR Run Entry'!AF17) | AN17: =AI17-AM17 -> 0 | AO17: =IF(ISNUMBER(AM17),IF(ABS(AN17)>1.5, "FAIL", "Pass"),"")
A18: ='Sample Metadata'!D9 -> 0 | B18: =IF('qPCR Run Entry'!B18="","",'qPCR Run Entry'!B18) | C18: =IF('qPCR Run Entry'!C18="","",'qPCR Run Entry'!C18) | D18: =IF('qPCR Run Entry'!D18="","",'qPCR Run Entry'!D18) | E18: IAC | F18: CALFL-ORNG | J18: =IF('qPCR Run Entry'!J18="","",'qPCR Run Entry'!J18) | L18: =G18-K18 -> 0 | M18: =IF(ISNUMBER(K18),IF(ABS(L18)>1.5, "FAIL", "Pass"),"") | O18: =A18 -> 0 | P18: =IF('qPCR Run Entry'!M18="","",'qPCR Run Entry'!M18) | Q18: =IF('qPCR Run Entry'!N18="","",'qPCR Run Entry'!N18) | R18: =IF('qPCR Run Entry'!O18="","",'qPCR Run Entry'!O18) | S18: IAC | T18: CALFL-ORNG | X18: =IF('qPCR Run Entry'!U18="","",'qPCR Run Entry'!U18) | Z18: =U18-Y18 -> 0 | AA18: =IF(ISNUMBER(Y18),IF(ABS(Z18)>1.5, "FAIL", "Pass"),"") | AC18: =O18 -> 0 | AD18: =IF('qPCR Run Entry'!X18="","",'qPCR Run Entry'!X18) | AE18: =IF('qPCR Run Entry'!Y18="","",'qPCR Run Entry'!Y18) | AF18: =IF('qPCR Run Entry'!Z18="","",'qPCR Run Entry'!Z18) | AG18: IAC | AH18: CALFL-ORNG | AL18: =IF('qPCR Run Entry'!AF18="","",'qPCR Run Entry'!AF18) | AN18: =AI18-AM18 -> 0 | AO18: =IF(ISNUMBER(AM18),IF(ABS(AN18)>1.5, "FAIL", "Pass"),"")
B19: =IF('qPCR Run Entry'!B19="","",'qPCR Run Entry'!B19) | C19: =IF('qPCR Run Entry'!C19="","",'qPCR Run Entry'!C19) | E19: IAC | F19: CALFL-ORNG | J19: =IF('qPCR Run Entry'!J19="","",'qPCR Run Entry'!J19) | L19: =G19-K19 -> 0 | M19: =IF(ISNUMBER(K19),IF(ABS(L19)>1.5, "FAIL", "Pass"),"") | P19: =IF('qPCR Run Entry'!M19="","",'qPCR Run Entry'!M19) | Q19: =IF('qPCR Run Entry'!N19="","",'qPCR Run Entry'!N19) | R19: =IF('qPCR Run Entry'!O19="","",'qPCR Run Entry'!O19) | S19: IAC | T19: CALFL-ORNG | X19: =IF('qPCR Run Entry'!U19="","",'qPCR Run Entry'!U19) | Z19: =U19-Y19 -> 0 | AA19: =IF(ISNUMBER(Y19),IF(ABS(Z19)>1.5, "FAIL", "Pass"),"") | AD19: =IF('qPCR Run Entry'!X19="","",'qPCR Run Entry'!X19) | AE19: =IF('qPCR Run Entry'!Y19="","",'qPCR Run Entry'!Y19) | AF19: =IF('qPCR Run Entry'!Z19="","",'qPCR Run Entry'!Z19) | AG19: IAC | AH19: CALFL-ORNG | AL19: =IF('qPCR Run Entry'!AF19="","",'qPCR Run Entry'!AF19) | AN19: =AI19-AM19 -> 0 | AO19: =IF(ISNUMBER(AM19),IF(ABS(AN19)>1.5, "FAIL", "Pass"),"")
A20: ='Sample Metadata'!D10 -> 0 | B20: =IF('qPCR Run Entry'!B20="","",'qPCR Run Entry'!B20) | C20: =IF('qPCR Run Entry'!C20="","",'qPCR Run Entry'!C20) | D20: =IF('qPCR Run Entry'!D20="","",'qPCR Run Entry'!D20) | E20: IAC | F20: CALFL-ORNG | J20: =IF('qPCR Run Entry'!J20="","",'qPCR Run Entry'!J20) | L20: =G20-K20 -> 0 | M20: =IF(ISNUMBER(K20),IF(ABS(L20)>1.5, "FAIL", "Pass"),"") | O20: =A20 -> 0 | P20: =IF('qPCR Run Entry'!M20="","",'qPCR Run Entry'!M20) | Q20: =IF('qPCR Run Entry'!N20="","",'qPCR Run Entry'!N20) | R20: =IF('qPCR Run Entry'!O20="","",'qPCR Run Entry'!O20) | S20: IAC | T20: CALFL-ORNG | X20: =IF('qPCR Run Entry'!U20="","",'qPCR Run Entry'!U20) | Z20: =U20-Y20 -> 0 | AA20: =IF(ISNUMBER(Y20),IF(ABS(Z20)>1.5, "FAIL", "Pass"),"") | AC20: =O20 -> 0 | AD20: =IF('qPCR Run Entry'!X20="","",'qPCR Run Entry'!X20) | AE20: =IF('qPCR Run Entry'!Y20="","",'qPCR Run Entry'!Y20) | AF20: =IF('qPCR Run Entry'!Z20="","",'qPCR Run Entry'!Z20) | AG20: IAC | AH20: CALFL-ORNG | AL20: =IF('qPCR Run Entry'!AF20="","",'qPCR Run Entry'!AF20) | AN20: =AI20-AM20 -> 0 | AO20: =IF(ISNUMBER(AM20),IF(ABS(AN20)>1.5, "FAIL", "Pass"),"")
B21: =IF('qPCR Run Entry'!B21="","",'qPCR Run Entry'!B21) | C21: =IF('qPCR Run Entry'!C21="","",'qPCR Run Entry'!C21) | E21: IAC | F21: CALFL-ORNG | J21: =IF('qPCR Run Entry'!J21="","",'qPCR Run Entry'!J21) | L21: =G21-K21 -> 0 | M21: =IF(ISNUMBER(K21),IF(ABS(L21)>1.5, "FAIL", "Pass"),"") | P21: =IF('qPCR Run Entry'!M21="","",'qPCR Run Entry'!M21) | Q21: =IF('qPCR Run Entry'!N21="","",'qPCR Run Entry'!N21) | R21: =IF('qPCR Run Entry'!O21="","",'qPCR Run Entry'!O21) | S21: IAC | T21: CALFL-ORNG | X21: =IF('qPCR Run Entry'!U21="","",'qPCR Run Entry'!U21) | Z21: =U21-Y21 -> 0 | AA21: =IF(ISNUMBER(Y21),IF(ABS(Z21)>1.5, "FAIL", "Pass"),"") | AD21: =IF('qPCR Run Entry'!X21="","",'qPCR Run Entry'!X21) | AE21: =IF('qPCR Run Entry'!Y21="","",'qPCR Run Entry'!Y21) | AF21: =IF('qPCR Run Entry'!Z21="","",'qPCR Run Entry'!Z21) | AG21: IAC | AH21: CALFL-ORNG | AL21: =IF('qPCR Run Entry'!AF21="","",'qPCR Run Entry'!AF21) | AN21: =AI21-AM21 -> 0 | AO21: =IF(ISNUMBER(AM21),IF(ABS(AN21)>1.5, "FAIL", "Pass"),"")
A22: ='Sample Metadata'!D11 -> 0 | B22: =IF('qPCR Run Entry'!B22="","",'qPCR Run Entry'!B22) | C22: =IF('qPCR Run Entry'!C22="","",'qPCR Run Entry'!C22) | D22: =IF('qPCR Run Entry'!D22="","",'qPCR Run Entry'!D22) | E22: IAC | F22: CALFL-ORNG | J22: =IF('qPCR Run Entry'!J22="","",'qPCR Run Entry'!J22) | L22: =G22-K22 -> 0 | M22: =IF(ISNUMBER(K22),IF(ABS(L22)>1.5, "FAIL", "Pass"),"") | O22: =A22 -> 0 | P22: =IF('qPCR Run Entry'!M22="","",'qPCR Run Entry'!M22) | Q22: =IF('qPCR Run Entry'!N22="","",'qPCR Run Entry'!N22) | R22: =IF('qPCR Run Entry'!O22="","",'qPCR Run Entry'!O22) | S22: IAC | T22: CALFL-ORNG | X22: =IF('qPCR Run Entry'!U22="","",'qPCR Run Entry'!U22) | Z22: =U22-Y22 -> 0 | AA22: =IF(ISNUMBER(Y22),IF(ABS(Z22)>1.5, "FAIL", "Pass"),"") | AC22: =O22 -> 0 | AD22: =IF('qPCR Run Entry'!X22="","",'qPCR Run Entry'!X22) | AE22: =IF('qPCR Run Entry'!Y22="","",'qPCR Run Entry'!Y22) | AF22: =IF('qPCR Run Entry'!Z22="","",'qPCR Run Entry'!Z22) | AG22: IAC | AH22: CALFL-ORNG | AL22: =IF('qPCR Run Entry'!AF22="","",'qPCR Run Entry'!AF22) | AN22: =AI22-AM22 -> 0 | AO22: =IF(ISNUMBER(AM22),IF(ABS(AN22)>1.5, "FAIL", "Pass"),"")
B23: =IF('qPCR Run Entry'!B23="","",'qPCR Run Entry'!B23) | C23: =IF('qPCR Run Entry'!C23="","",'qPCR Run Entry'!C23) | E23: IAC | F23: CALFL-ORNG | J23: =IF('qPCR Run Entry'!J23="","",'qPCR Run Entry'!J23) | L23: =G23-K23 -> 0 | M23: =IF(ISNUMBER(K23),IF(ABS(L23)>1.5, "FAIL", "Pass"),"") | P23: =IF('qPCR Run Entry'!M23="","",'qPCR Run Entry'!M23) | Q23: =IF('qPCR Run Entry'!N23="","",'qPCR Run Entry'!N23) | R23: =IF('qPCR Run Entry'!O23="","",'qPCR Run Entry'!O23) | S23: IAC | T23: CALFL-ORNG | X23: =IF('qPCR Run Entry'!U23="","",'qPCR Run Entry'!U23) | Z23: =U23-Y23 -> 0 | AA23: =IF(ISNUMBER(Y23),IF(ABS(Z23)>1.5, "FAIL", "Pass"),"") | AD23: =IF('qPCR Run Entry'!X23="","",'qPCR Run Entry'!X23) | AE23: =IF('qPCR Run Entry'!Y23="","",'qPCR Run Entry'!Y23) | AF23: =IF('qPCR Run Entry'!Z23="","",'qPCR Run Entry'!Z23) | AG23: IAC | AH23: CALFL-ORNG | AL23: =IF('qPCR Run Entry'!AF23="","",'qPCR Run Entry'!AF23) | AN23: =AI23-AM23 -> 0 | AO23: =IF(ISNUMBER(AM23),IF(ABS(AN23)>1.5, "FAIL", "Pass"),"")
A24: ='Sample Metadata'!D12 -> 0 | B24: =IF('qPCR Run Entry'!B24="","",'qPCR Run Entry'!B24) | C24: =IF('qPCR Run Entry'!C24="","",'qPCR Run Entry'!C24) | D24: =IF('qPCR Run Entry'!D24="","",'qPCR Run Entry'!D24) | E24: IAC | F24: CALFL-ORNG | J24: =IF('qPCR Run Entry'!J24="","",'qPCR Run Entry'!J24) | L24: =G24-K24 -> 0 | M24: =IF(ISNUMBER(K24),IF(ABS(L24)>1.5, "FAIL", "Pass"),"") | O24: =A24 -> 0 | P24: =IF('qPCR Run Entry'!M24="","",'qPCR Run Entry'!M24) | Q24: =IF('qPCR Run Entry'!N24="","",'qPCR Run Entry'!N24) | R24: =IF('qPCR Run Entry'!O24="","",'qPCR Run Entry'!O24) | S24: IAC | T24: CALFL-ORNG | X24: =IF('qPCR Run Entry'!U24="","",'qPCR Run Entry'!U24) | Z24: =U24-Y24 -> 0 | AA24: =IF(ISNUMBER(Y24),IF(ABS(Z24)>1.5, "FAIL", "Pass"),"") | AC24: =O24 -> 0 | AD24: =IF('qPCR Run Entry'!X24="","",'qPCR Run Entry'!X24) | AE24: =IF('qPCR Run Entry'!Y24="","",'qPCR Run Entry'!Y24) | AF24: =IF('qPCR Run Entry'!Z24="","",'qPCR Run Entry'!Z24) | AG24: IAC | AH24: CALFL-ORNG | AL24: =IF('qPCR Run Entry'!AF24="","",'qPCR Run Entry'!AF24) | AN24: =AI24-AM24 -> 0 | AO24: =IF(ISNUMBER(AM24),IF(ABS(AN24)>1.5, "FAIL", "Pass"),"")
B25: =IF('qPCR Run Entry'!B25="","",'qPCR Run Entry'!B25) | C25: =IF('qPCR Run Entry'!C25="","",'qPCR Run Entry'!C25) | E25: IAC | F25: CALFL-ORNG | J25: =IF('qPCR Run Entry'!J25="","",'qPCR Run Entry'!J25) | L25: =G25-K25 -> 0 | M25: =IF(ISNUMBER(K25),IF(ABS(L25)>1.5, "FAIL", "Pass"),"") | P25: =IF('qPCR Run Entry'!M25="","",'qPCR Run Entry'!M25) | Q25: =IF('qPCR Run Entry'!N25="","",'qPCR Run Entry'!N25) | R25: =IF('qPCR Run Entry'!O25="","",'qPCR Run Entry'!O25) | S25: IAC | T25: CALFL-ORNG | X25: =IF('qPCR Run Entry'!U25="","",'qPCR Run Entry'!U25) | Z25: =U25-Y25 -> 0 | AA25: =IF(ISNUMBER(Y25),IF(ABS(Z25)>1.5, "FAIL", "Pass"),"") | AD25: =IF('qPCR Run Entry'!X25="","",'qPCR Run Entry'!X25) | AE25: =IF('qPCR Run Entry'!Y25="","",'qPCR Run Entry'!Y25) | AF25: =IF('qPCR Run Entry'!Z25="","",'qPCR Run Entry'!Z25) | AG25: IAC | AH25: CALFL-ORNG | AL25: =IF('qPCR Run Entry'!AF25="","",'qPCR Run Entry'!AF25) | AN25: =AI25-AM25 -> 0 | AO25: =IF(ISNUMBER(AM25),IF(ABS(AN25)>1.5, "FAIL", "Pass"),"")
A26: ='Sample Metadata'!D13 -> 0 | B26: =IF('qPCR Run Entry'!B26="","",'qPCR Run Entry'!B26) | C26: =IF('qPCR Run Entry'!C26="","",'qPCR Run Entry'!C26) | D26: =IF('qPCR Run Entry'!D26="","",'qPCR Run Entry'!D26) | E26: IAC | F26: CALFL-ORNG | J26: =IF('qPCR Run Entry'!J26="","",'qPCR Run Entry'!J26) | L26: =G26-K26 -> 0 | M26: =IF(ISNUMBER(K26),IF(ABS(L26)>1.5, "FAIL", "Pass"),"") | O26: =A26 -> 0 | P26: =IF('qPCR Run Entry'!M26="","",'qPCR Run Entry'!M26) | Q26: =IF('qPCR Run Entry'!N26="","",'qPCR Run Entry'!N26) | R26: =IF('qPCR Run Entry'!O26="","",'qPCR Run Entry'!O26) | S26: IAC | T26: CALFL-ORNG | X26: =IF('qPCR Run Entry'!U26="","",'qPCR Run Entry'!U26) | Z26: =U26-Y26 -> 0 | AA26: =IF(ISNUMBER(Y26),IF(ABS(Z26)>1.5, "FAIL", "Pass"),"") | AC26: =O26 -> 0 | AD26: =IF('qPCR Run Entry'!X26="","",'qPCR Run Entry'!X26) | AE26: =IF('qPCR Run Entry'!Y26="","",'qPCR Run Entry'!Y26) | AF26: =IF('qPCR Run Entry'!Z26="","",'qPCR Run Entry'!Z26) | AG26: IAC | AH26: CALFL-ORNG | AL26: =IF('qPCR Run Entry'!AF26="","",'qPCR Run Entry'!AF26) | AN26: =AI26-AM26 -> 0 | AO26: =IF(ISNUMBER(AM26),IF(ABS(AN26)>1.5, "FAIL", "Pass"),"")
B27: =IF('qPCR Run Entry'!B27="","",'qPCR Run Entry'!B27) | C27: =IF('qPCR Run Entry'!C27="","",'qPCR Run Entry'!C27) | E27: IAC | F27: CALFL-ORNG | J27: =IF('qPCR Run Entry'!J27="","",'qPCR Run Entry'!J27) | L27: =G27-K27 -> 0 | M27: =IF(ISNUMBER(K27),IF(ABS(L27)>1.5, "FAIL", "Pass"),"") | P27: =IF('qPCR Run Entry'!M27="","",'qPCR Run Entry'!M27) | Q27: =IF('qPCR Run Entry'!N27="","",'qPCR Run Entry'!N27) | R27: =IF('qPCR Run Entry'!O27="","",'qPCR Run Entry'!O27) | S27: IAC | T27: CALFL-ORNG | X27: =IF('qPCR Run Entry'!U27="","",'qPCR Run Entry'!U27) | Z27: =U27-Y27 -> 0 | AA27: =IF(ISNUMBER(Y27),IF(ABS(Z27)>1.5, "FAIL", "Pass"),"") | AD27: =IF('qPCR Run Entry'!X27="","",'qPCR Run Entry'!X27) | AE27: =IF('qPCR Run Entry'!Y27="","",'qPCR Run Entry'!Y27) | AF27: =IF('qPCR Run Entry'!Z27="","",'qPCR Run Entry'!Z27) | AG27: IAC | AH27: CALFL-ORNG | AL27: =IF('qPCR Run Entry'!AF27="","",'qPCR Run Entry'!AF27) | AN27: =AI27-AM27 -> 0 | AO27: =IF(ISNUMBER(AM27),IF(ABS(AN27)>1.5, "FAIL", "Pass"),"")
A28: ='Sample Metadata'!D14 -> 0 | B28: =IF('qPCR Run Entry'!B28="","",'qPCR Run Entry'!B28) | C28: =IF('qPCR Run Entry'!C28="","",'qPCR Run Entry'!C28) | D28: =IF('qPCR Run Entry'!D28="","",'qPCR Run Entry'!D28) | E28: IAC | F28: CALFL-ORNG | J28: =IF('qPCR Run Entry'!J28="","",'qPCR Run Entry'!J28) | L28: =G28-K28 -> 0 | M28: =IF(ISNUMBER(K28),IF(ABS(L28)>1.5, "FAIL", "Pass"),"") | O28: =A28 -> 0 | P28: =IF('qPCR Run Entry'!M28="","",'qPCR Run Entry'!M28) | Q28: =IF('qPCR Run Entry'!N28="","",'qPCR Run Entry'!N28) | R28: =IF('qPCR Run Entry'!O28="","",'qPCR Run Entry'!O28) | S28: IAC | T28: CALFL-ORNG | X28: =IF('qPCR Run Entry'!U28="","",'qPCR Run Entry'!U28) | Z28: =U28-Y28 -> 0 | AA28: =IF(ISNUMBER(Y28),IF(ABS(Z28)>1.5, "FAIL", "Pass"),"") | AC28: =O28 -> 0 | AD28: =IF('qPCR Run Entry'!X28="","",'qPCR Run Entry'!X28) | AE28: =IF('qPCR Run Entry'!Y28="","",'qPCR Run Entry'!Y28) | AF28: =IF('qPCR Run Entry'!Z28="","",'qPCR Run Entry'!Z28) | AG28: IAC | AH28: CALFL-ORNG | AL28: =IF('qPCR Run Entry'!AF28="","",'qPCR Run Entry'!AF28) | AN28: =AI28-AM28 -> 0 | AO28: =IF(ISNUMBER(AM28),IF(ABS(AN28)>1.5, "FAIL", "Pass"),"")
B29: =IF('qPCR Run Entry'!B29="","",'qPCR Run Entry'!B29) | C29: =IF('qPCR Run Entry'!C29="","",'qPCR Run Entry'!C29) | E29: IAC | F29: CALFL-ORNG | J29: =IF('qPCR Run Entry'!J29="","",'qPCR Run Entry'!J29) | L29: =G29-K29 -> 0 | M29: =IF(ISNUMBER(K29),IF(ABS(L29)>1.5, "FAIL", "Pass"),"") | P29: =IF('qPCR Run Entry'!M29="","",'qPCR Run Entry'!M29) | Q29: =IF('qPCR Run Entry'!N29="","",'qPCR Run Entry'!N29) | R29: =IF('qPCR Run Entry'!O29="","",'qPCR Run Entry'!O29) | S29: IAC | T29: CALFL-ORNG | X29: =IF('qPCR Run Entry'!U29="","",'qPCR Run Entry'!U29) | Z29: =U29-Y29 -> 0 | AA29: =IF(ISNUMBER(Y29),IF(ABS(Z29)>1.5, "FAIL", "Pass"),"") | AD29: =IF('qPCR Run Entry'!X29="","",'qPCR Run Entry'!X29) | AE29: =IF('qPCR Run Entry'!Y29="","",'qPCR Run Entry'!Y29) | AF29: =IF('qPCR Run Entry'!Z29="","",'qPCR Run Entry'!Z29) | AG29: IAC | AH29: CALFL-ORNG | AL29: =IF('qPCR Run Entry'!AF29="","",'qPCR Run Entry'!AF29) | AN29: =AI29-AM29 -> 0 | AO29: =IF(ISNUMBER(AM29),IF(ABS(AN29)>1.5, "FAIL", "Pass"),"")
A30: ='Sample Metadata'!D15 -> 0 | B30: =IF('qPCR Run Entry'!B30="","",'qPCR Run Entry'!B30) | C30: =IF('qPCR Run Entry'!C30="","",'qPCR Run Entry'!C30) | D30: =IF('qPCR Run Entry'!D30="","",'qPCR Run Entry'!D30) | E30: IAC | F30: CALFL-ORNG | J30: =IF('qPCR Run Entry'!J30="","",'qPCR Run Entry'!J30) | L30: =G30-K30 -> 0 | M30: =IF(ISNUMBER(K30),IF(ABS(L30)>1.5, "FAIL", "Pass"),"") | O30: =A30 -> 0 | P30: =IF('qPCR Run Entry'!M30="","",'qPCR Run Entry'!M30) | Q30: =IF('qPCR Run Entry'!N30="","",'qPCR Run Entry'!N30) | R30: =IF('qPCR Run Entry'!O30="","",'qPCR Run Entry'!O30) | S30: IAC | T30: CALFL-ORNG | X30: =IF('qPCR Run Entry'!U30="","",'qPCR Run Entry'!U30) | Z30: =U30-Y30 -> 0 | AA30: =IF(ISNUMBER(Y30),IF(ABS(Z30)>1.5, "FAIL", "Pass"),"") | AC30: =O30 -> 0 | AD30: =IF('qPCR Run Entry'!X30="","",'qPCR Run Entry'!X30) | AE30: =IF('qPCR Run Entry'!Y30="","",'qPCR Run Entry'!Y30) | AF30: =IF('qPCR Run Entry'!Z30="","",'qPCR Run Entry'!Z30) | AG30: IAC | AH30: CALFL-ORNG | AL30: =IF('qPCR Run Entry'!AF30="","",'qPCR Run Entry'!AF30) | AN30: =AI30-AM30 -> 0 | AO30: =IF(ISNUMBER(AM30),IF(ABS(AN30)>1.5, "FAIL", "Pass"),"")
B31: =IF('qPCR Run Entry'!B31="","",'qPCR Run Entry'!B31) | C31: =IF('qPCR Run Entry'!C31="","",'qPCR Run Entry'!C31) | E31: IAC | F31: CALFL-ORNG | J31: =IF('qPCR Run Entry'!J31="","",'qPCR Run Entry'!J31) | L31: =G31-K31 -> 0 | M31: =IF(ISNUMBER(K31),IF(ABS(L31)>1.5, "FAIL", "Pass"),"") | P31: =IF('qPCR Run Entry'!M31="","",'qPCR Run Entry'!M31) | Q31: =IF('qPCR Run Entry'!N31="","",'qPCR Run Entry'!N31) | R31: =IF('qPCR Run Entry'!O31="","",'qPCR Run Entry'!O31) | S31: IAC | T31: CALFL-ORNG | X31: =IF('qPCR Run Entry'!U31="","",'qPCR Run Entry'!U31) | Z31: =U31-Y31 -> 0 | AA31: =IF(ISNUMBER(Y31),IF(ABS(Z31)>1.5, "FAIL", "Pass"),"") | AD31: =IF('qPCR Run Entry'!X31="","",'qPCR Run Entry'!X31) | AE31: =IF('qPCR Run Entry'!Y31="","",'qPCR Run Entry'!Y31) | AF31: =IF('qPCR Run Entry'!Z31="","",'qPCR Run Entry'!Z31) | AG31: IAC | AH31: CALFL-ORNG | AL31: =IF('qPCR Run Entry'!AF31="","",'qPCR Run Entry'!AF31) | AN31: =AI31-AM31 -> 0 | AO31: =IF(ISNUMBER(AM31),IF(ABS(AN31)>1.5, "FAIL", "Pass"),"")
A32: ='Sample Metadata'!D16 -> 0 | B32: =IF('qPCR Run Entry'!B32="","",'qPCR Run Entry'!B32) | C32: =IF('qPCR Run Entry'!C32="","",'qPCR Run Entry'!C32) | D32: =IF('qPCR Run Entry'!D32="","",'qPCR Run Entry'!D32) | E32: IAC | F32: CALFL-ORNG | J32: =IF('qPCR Run Entry'!J32="","",'qPCR Run Entry'!J32) | L32: =G32-K32 -> 0 | M32: =IF(ISNUMBER(K32),IF(ABS(L32)>1.5, "FAIL", "Pass"),"") | O32: =A32 -> 0 | P32: =IF('qPCR Run Entry'!M32="","",'qPCR Run Entry'!M32) | Q32: =IF('qPCR Run Entry'!N32="","",'qPCR Run Entry'!N32) | R32: =IF('qPCR Run Entry'!O32="","",'qPCR Run Entry'!O32) | S32: IAC | T32: CALFL-ORNG | X32: =IF('qPCR Run Entry'!U32="","",'qPCR Run Entry'!U32) | Z32: =U32-Y32 -> 0 | AA32: =IF(ISNUMBER(Y32),IF(ABS(Z32)>1.5, "FAIL", "Pass"),"") | AC32: =O32 -> 0 | AD32: =IF('qPCR Run Entry'!X32="","",'qPCR Run Entry'!X32) | AE32: =IF('qPCR Run Entry'!Y32="","",'qPCR Run Entry'!Y32) | AF32: =IF('qPCR Run Entry'!Z32="","",'qPCR Run Entry'!Z32) | AG32: IAC | AH32: CALFL-ORNG | AL32: =IF('qPCR Run Entry'!AF32="","",'qPCR Run Entry'!AF32) | AN32: =AI32-AM32 -> 0 | AO32: =IF(ISNUMBER(AM32),IF(ABS(AN32)>1.5, "FAIL", "Pass"),"")
B33: =IF('qPCR Run Entry'!B33="","",'qPCR Run Entry'!B33) | C33: =IF('qPCR Run Entry'!C33="","",'qPCR Run Entry'!C33) | E33: IAC | F33: CALFL-ORNG | J33: =IF('qPCR Run Entry'!J33="","",'qPCR Run Entry'!J33) | L33: =G33-K33 -> 0 | M33: =IF(ISNUMBER(K33),IF(ABS(L33)>1.5, "FAIL", "Pass"),"") | P33: =IF('qPCR Run Entry'!M33="","",'qPCR Run Entry'!M33) | Q33: =IF('qPCR Run Entry'!N33="","",'qPCR Run Entry'!N33) | R33: =IF('qPCR Run Entry'!O33="","",'qPCR Run Entry'!O33) | S33: IAC | T33: CALFL-ORNG | X33: =IF('qPCR Run Entry'!U33="","",'qPCR Run Entry'!U33) | Z33: =U33-Y33 -> 0 | AA33: =IF(ISNUMBER(Y33),IF(ABS(Z33)>1.5, "FAIL", "Pass"),"") | AD33: =IF('qPCR Run Entry'!X33="","",'qPCR Run Entry'!X33) | AE33: =IF('qPCR Run Entry'!Y33="","",'qPCR Run Entry'!Y33) | AF33: =IF('qPCR Run Entry'!Z33="","",'qPCR Run Entry'!Z33) | AG33: IAC | AH33: CALFL-ORNG | AL33: =IF('qPCR Run Entry'!AF33="","",'qPCR Run Entry'!AF33) | AN33: =AI33-AM33 -> 0 | AO33: =IF(ISNUMBER(AM33),IF(ABS(AN33)>1.5, "FAIL", "Pass"),"")
A34: ='Sample Metadata'!D17 -> 0 | B34: =IF('qPCR Run Entry'!B34="","",'qPCR Run Entry'!B34) | C34: =IF('qPCR Run Entry'!C34="","",'qPCR Run Entry'!C34) | D34: =IF('qPCR Run Entry'!D34="","",'qPCR Run Entry'!D34) | E34: IAC | F34: CALFL-ORNG | J34: =IF('qPCR Run Entry'!J34="","",'qPCR Run Entry'!J34) | L34: =G34-K34 -> 0 | M34: =IF(ISNUMBER(K34),IF(ABS(L34)>1.5, "FAIL", "Pass"),"") | O34: =A34 -> 0 | P34: =IF('qPCR Run Entry'!M34="","",'qPCR Run Entry'!M34) | Q34: =IF('qPCR Run Entry'!N34="","",'qPCR Run Entry'!N34) | R34: =IF('qPCR Run Entry'!O34="","",'qPCR Run Entry'!O34) | S34: IAC | T34: CALFL-ORNG | X34: =IF('qPCR Run Entry'!U34="","",'qPCR Run Entry'!U34) | Z34: =U34-Y34 -> 0 | AA34: =IF(ISNUMBER(Y34),IF(ABS(Z34)>1.5, "FAIL", "Pass"),"") | AC34: =O34 -> 0 | AD34: =IF('qPCR Run Entry'!X34="","",'qPCR Run Entry'!X34) | AE34: =IF('qPCR Run Entry'!Y34="","",'qPCR Run Entry'!Y34) | AF34: =IF('qPCR Run Entry'!Z34="","",'qPCR Run Entry'!Z34) | AG34: IAC | AH34: CALFL-ORNG | AL34: =IF('qPCR Run Entry'!AF34="","",'qPCR Run Entry'!AF34) | AN34: =AI34-AM34 -> 0 | AO34: =IF(ISNUMBER(AM34),IF(ABS(AN34)>1.5, "FAIL", "Pass"),"")
B35: =IF('qPCR Run Entry'!B35="","",'qPCR Run Entry'!B35) | C35: =IF('qPCR Run Entry'!C35="","",'qPCR Run Entry'!C35) | E35: IAC | F35: CALFL-ORNG | J35: =IF('qPCR Run Entry'!J35="","",'qPCR Run Entry'!J35) | L35: =G35-K35 -> 0 | M35: =IF(ISNUMBER(K35),IF(ABS(L35)>1.5, "FAIL", "Pass"),"") | P35: =IF('qPCR Run Entry'!M35="","",'qPCR Run Entry'!M35) | Q35: =IF('qPCR Run Entry'!N35="","",'qPCR Run Entry'!N35) | R35: =IF('qPCR Run Entry'!O35="","",'qPCR Run Entry'!O35) | S35: IAC | T35: CALFL-ORNG | X35: =IF('qPCR Run Entry'!U35="","",'qPCR Run Entry'!U35) | Z35: =U35-Y35 -> 0 | AA35: =IF(ISNUMBER(Y35),IF(ABS(Z35)>1.5, "FAIL", "Pass"),"") | AD35: =IF('qPCR Run Entry'!X35="","",'qPCR Run Entry'!X35) | AE35: =IF('qPCR Run Entry'!Y35="","",'qPCR Run Entry'!Y35) | AF35: =IF('qPCR Run Entry'!Z35="","",'qPCR Run Entry'!Z35) | AG35: IAC | AH35: CALFL-ORNG | AL35: =IF('qPCR Run Entry'!AF35="","",'qPCR Run Entry'!AF35) | AN35: =AI35-AM35 -> 0 | AO35: =IF(ISNUMBER(AM35),IF(ABS(AN35)>1.5, "FAIL", "Pass"),"")
A36: ='Sample Metadata'!D18 -> 0 | B36: =IF('qPCR Run Entry'!B36="","",'qPCR Run Entry'!B36) | C36: =IF('qPCR Run Entry'!C36="","",'qPCR Run Entry'!C36) | D36: =IF('qPCR Run Entry'!D36="","",'qPCR Run Entry'!D36) | E36: IAC | F36: CALFL-ORNG | J36: =IF('qPCR Run Entry'!J36="","",'qPCR Run Entry'!J36) | L36: =G36-K36 -> 0 | M36: =IF(ISNUMBER(K36),IF(ABS(L36)>1.5, "FAIL", "Pass"),"") | O36: =A36 -> 0 | P36: =IF('qPCR Run Entry'!M36="","",'qPCR Run Entry'!M36) | Q36: =IF('qPCR Run Entry'!N36="","",'qPCR Run Entry'!N36) | R36: =IF('qPCR Run Entry'!O36="","",'qPCR Run Entry'!O36) | S36: IAC | T36: CALFL-ORNG | X36: =IF('qPCR Run Entry'!U36="","",'qPCR Run Entry'!U36) | Z36: =U36-Y36 -> 0 | AA36: =IF(ISNUMBER(Y36),IF(ABS(Z36)>1.5, "FAIL", "Pass"),"") | AC36: =O36 -> 0 | AD36: =IF('qPCR Run Entry'!X36="","",'qPCR Run Entry'!X36) | AE36: =IF('qPCR Run Entry'!Y36="","",'qPCR Run Entry'!Y36) | AF36: =IF('qPCR Run Entry'!Z36="","",'qPCR Run Entry'!Z36) | AG36: IAC | AH36: CALFL-ORNG | AL36: =IF('qPCR Run Entry'!AF36="","",'qPCR Run Entry'!AF36) | AN36: =AI36-AM36 -> 0 | AO36: =IF(ISNUMBER(AM36),IF(ABS(AN36)>1.5, "FAIL", "Pass"),"")
B37: =IF('qPCR Run Entry'!B37="","",'qPCR Run Entry'!B37) | C37: =IF('qPCR Run Entry'!C37="","",'qPCR Run Entry'!C37) | E37: IAC | F37: CALFL-ORNG | J37: =IF('qPCR Run Entry'!J37="","",'qPCR Run Entry'!J37) | L37: =G37-K37 -> 0 | M37: =IF(ISNUMBER(K37),IF(ABS(L37)>1.5, "FAIL", "Pass"),"") | P37: =IF('qPCR Run Entry'!M37="","",'qPCR Run Entry'!M37) | Q37: =IF('qPCR Run Entry'!N37="","",'qPCR Run Entry'!N37) | R37: =IF('qPCR Run Entry'!O37="","",'qPCR Run Entry'!O37) | S37: IAC | T37: CALFL-ORNG | X37: =IF('qPCR Run Entry'!U37="","",'qPCR Run Entry'!U37) | Z37: =U37-Y37 -> 0 | AA37: =IF(ISNUMBER(Y37),IF(ABS(Z37)>1.5, "FAIL", "Pass"),"") | AD37: =IF('qPCR Run Entry'!X37="","",'qPCR Run Entry'!X37) | AE37: =IF('qPCR Run Entry'!Y37="","",'qPCR Run Entry'!Y37) | AF37: =IF('qPCR Run Entry'!Z37="","",'qPCR Run Entry'!Z37) | AG37: IAC | AH37: CALFL-ORNG | AL37: =IF('qPCR Run Entry'!AF37="","",'qPCR Run Entry'!AF37) | AN37: =AI37-AM37 -> 0 | AO37: =IF(ISNUMBER(AM37),IF(ABS(AN37)>1.5, "FAIL", "Pass"),"")
A38: ='Sample Metadata'!D19 -> 0 | B38: =IF('qPCR Run Entry'!B38="","",'qPCR Run Entry'!B38) | C38: =IF('qPCR Run Entry'!C38="","",'qPCR Run Entry'!C38) | D38: =IF('qPCR Run Entry'!D38="","",'qPCR Run Entry'!D38) | E38: IAC | F38: CALFL-ORNG | J38: =IF('qPCR Run Entry'!J38="","",'qPCR Run Entry'!J38) | L38: =G38-K38 -> 0 | M38: =IF(ISNUMBER(K38),IF(ABS(L38)>1.5, "FAIL", "Pass"),"") | O38: =A38 -> 0 | P38: =IF('qPCR Run Entry'!M38="","",'qPCR Run Entry'!M38) | Q38: =IF('qPCR Run Entry'!N38="","",'qPCR Run Entry'!N38) | R38: =IF('qPCR Run Entry'!O38="","",'qPCR Run Entry'!O38) | S38: IAC | T38: CALFL-ORNG | X38: =IF('qPCR Run Entry'!U38="","",'qPCR Run Entry'!U38) | Z38: =U38-Y38 -> 0 | AA38: =IF(ISNUMBER(Y38),IF(ABS(Z38)>1.5, "FAIL", "Pass"),"") | AC38: =O38 -> 0 | AD38: =IF('qPCR Run Entry'!X38="","",'qPCR Run Entry'!X38) | AE38: =IF('qPCR Run Entry'!Y38="","",'qPCR Run Entry'!Y38) | AF38: =IF('qPCR Run Entry'!Z38="","",'qPCR Run Entry'!Z38) | AG38: IAC | AH38: CALFL-ORNG | AL38: =IF('qPCR Run Entry'!AF38="","",'qPCR Run Entry'!AF38) | AN38: =AI38-AM38 -> 0 | AO38: =IF(ISNUMBER(AM38),IF(ABS(AN38)>1.5, "FAIL", "Pass"),"")
B39: =IF('qPCR Run Entry'!B39="","",'qPCR Run Entry'!B39) | C39: =IF('qPCR Run Entry'!C39="","",'qPCR Run Entry'!C39) | E39: IAC | F39: CALFL-ORNG | J39: =IF('qPCR Run Entry'!J39="","",'qPCR Run Entry'!J39) | L39: =G39-K39 -> 0 | M39: =IF(ISNUMBER(K39),IF(ABS(L39)>1.5, "FAIL", "Pass"),"") | P39: =IF('qPCR Run Entry'!M39="","",'qPCR Run Entry'!M39) | Q39: =IF('qPCR Run Entry'!N39="","",'qPCR Run Entry'!N39) | R39: =IF('qPCR Run Entry'!O39="","",'qPCR Run Entry'!O39) | S39: IAC | T39: CALFL-ORNG | X39: =IF('qPCR Run Entry'!U39="","",'qPCR Run Entry'!U39) | Z39: =U39-Y39 -> 0 | AA39: =IF(ISNUMBER(Y39),IF(ABS(Z39)>1.5, "FAIL", "Pass"),"") | AD39: =IF('qPCR Run Entry'!X39="","",'qPCR Run Entry'!X39) | AE39: =IF('qPCR Run Entry'!Y39="","",'qPCR Run Entry'!Y39) | AF39: =IF('qPCR Run Entry'!Z39="","",'qPCR Run Entry'!Z39) | AG39: IAC | AH39: CALFL-ORNG | AL39: =IF('qPCR Run Entry'!AF39="","",'qPCR Run Entry'!AF39) | AN39: =AI39-AM39 -> 0 | AO39: =IF(ISNUMBER(AM39),IF(ABS(AN39)>1.5, "FAIL", "Pass"),"")
A40: ='Sample Metadata'!D20 -> 0 | B40: =IF('qPCR Run Entry'!B40="","",'qPCR Run Entry'!B40) | C40: =IF('qPCR Run Entry'!C40="","",'qPCR Run Entry'!C40) | D40: =IF('qPCR Run Entry'!D40="","",'qPCR Run Entry'!D40) | E40: IAC | F40: CALFL-ORNG | J40: =IF('qPCR Run Entry'!J40="","",'qPCR Run Entry'!J40) | L40: =G40-K40 -> 0 | M40: =IF(ISNUMBER(K40),IF(ABS(L40)>1.5, "FAIL", "Pass"),"") | O40: =A40 -> 0 | P40: =IF('qPCR Run Entry'!M40="","",'qPCR Run Entry'!M40) | Q40: =IF('qPCR Run Entry'!N40="","",'qPCR Run Entry'!N40) | R40: =IF('qPCR Run Entry'!O40="","",'qPCR Run Entry'!O40) | S40: IAC | T40: CALFL-ORNG | X40: =IF('qPCR Run Entry'!U40="","",'qPCR Run Entry'!U40) | Z40: =U40-Y40 -> 0 | AA40: =IF(ISNUMBER(Y40),IF(ABS(Z40)>1.5, "FAIL", "Pass"),"") | AC40: =O40 -> 0 | AD40: =IF('qPCR Run Entry'!X40="","",'qPCR Run Entry'!X40) | AE40: =IF('qPCR Run Entry'!Y40="","",'qPCR Run Entry'!Y40) | AF40: =IF('qPCR Run Entry'!Z40="","",'qPCR Run Entry'!Z40) | AG40: IAC | AH40: CALFL-ORNG | AL40: =IF('qPCR Run Entry'!AF40="","",'qPCR Run Entry'!AF40) | AN40: =AI40-AM40 -> 0 | AO40: =IF(ISNUMBER(AM40),IF(ABS(AN40)>1.5, "FAIL", "Pass"),"")
B41: =IF('qPCR Run Entry'!B41="","",'qPCR Run Entry'!B41) | C41: =IF('qPCR Run Entry'!C41="","",'qPCR Run Entry'!C41) | E41: IAC | F41: CALFL-ORNG | J41: =IF('qPCR Run Entry'!J41="","",'qPCR Run Entry'!J41) | L41: =G41-K41 -> 0 | M41: =IF(ISNUMBER(K41),IF(ABS(L41)>1.5, "FAIL", "Pass"),"") | P41: =IF('qPCR Run Entry'!M41="","",'qPCR Run Entry'!M41) | Q41: =IF('qPCR Run Entry'!N41="","",'qPCR Run Entry'!N41) | R41: =IF('qPCR Run Entry'!O41="","",'qPCR Run Entry'!O41) | S41: IAC | T41: CALFL-ORNG | X41: =IF('qPCR Run Entry'!U41="","",'qPCR Run Entry'!U41) | Z41: =U41-Y41 -> 0 | AA41: =IF(ISNUMBER(Y41),IF(ABS(Z41)>1.5, "FAIL", "Pass"),"") | AD41: =IF('qPCR Run Entry'!X41="","",'qPCR Run Entry'!X41) | AE41: =IF('qPCR Run Entry'!Y41="","",'qPCR Run Entry'!Y41) | AF41: =IF('qPCR Run Entry'!Z41="","",'qPCR Run Entry'!Z41) | AG41: IAC | AH41: CALFL-ORNG | AL41: =IF('qPCR Run Entry'!AF41="","",'qPCR Run Entry'!AF41) | AN41: =AI41-AM41 -> 0 | AO41: =IF(ISNUMBER(AM41),IF(ABS(AN41)>1.5, "FAIL", "Pass"),"")
A42: ='Sample Metadata'!D21 -> 0 | B42: =IF('qPCR Run Entry'!B42="","",'qPCR Run Entry'!B42) | C42: =IF('qPCR Run Entry'!C42="","",'qPCR Run Entry'!C42) | D42: =IF('qPCR Run Entry'!D42="","",'qPCR Run Entry'!D42) | E42: IAC | F42: CALFL-ORNG | J42: =IF('qPCR Run Entry'!J42="","",'qPCR Run Entry'!J42) | L42: =G42-K42 -> 0 | M42: =IF(ISNUMBER(K42),IF(ABS(L42)>1.5, "FAIL", "Pass"),"") | O42: =A42 -> 0 | P42: =IF('qPCR Run Entry'!M42="","",'qPCR Run Entry'!M42) | Q42: =IF('qPCR Run Entry'!N42="","",'qPCR Run Entry'!N42) | R42: =IF('qPCR Run Entry'!O42="","",'qPCR Run Entry'!O42) | S42: IAC | T42: CALFL-ORNG | X42: =IF('qPCR Run Entry'!U42="","",'qPCR Run Entry'!U42) | Z42: =U42-Y42 -> 0 | AA42: =IF(ISNUMBER(Y42),IF(ABS(Z42)>1.5, "FAIL", "Pass"),"") | AC42: =O42 -> 0 | AD42: =IF('qPCR Run Entry'!X42="","",'qPCR Run Entry'!X42) | AE42: =IF('qPCR Run Entry'!Y42="","",'qPCR Run Entry'!Y42) | AF42: =IF('qPCR Run Entry'!Z42="","",'qPCR Run Entry'!Z42) | AG42: IAC | AH42: CALFL-ORNG | AL42: =IF('qPCR Run Entry'!AF42="","",'qPCR Run Entry'!AF42) | AN42: =AI42-AM42 -> 0 | AO42: =IF(ISNUMBER(AM42),IF(ABS(AN42)>1.5, "FAIL", "Pass"),"")
B43: =IF('qPCR Run Entry'!B43="","",'qPCR Run Entry'!B43) | C43: =IF('qPCR Run Entry'!C43="","",'qPCR Run Entry'!C43) | E43: IAC | F43: CALFL-ORNG | J43: =IF('qPCR Run Entry'!J43="","",'qPCR Run Entry'!J43) | L43: =G43-K43 -> 0 | M43: =IF(ISNUMBER(K43),IF(ABS(L43)>1.5, "FAIL", "Pass"),"") | P43: =IF('qPCR Run Entry'!M43="","",'qPCR Run Entry'!M43) | Q43: =IF('qPCR Run Entry'!N43="","",'qPCR Run Entry'!N43) | R43: =IF('qPCR Run Entry'!O43="","",'qPCR Run Entry'!O43) | S43: IAC | T43: CALFL-ORNG | X43: =IF('qPCR Run Entry'!U43="","",'qPCR Run Entry'!U43) | Z43: =U43-Y43 -> 0 | AA43: =IF(ISNUMBER(Y43),IF(ABS(Z43)>1.5, "FAIL", "Pass"),"") | AD43: =IF('qPCR Run Entry'!X43="","",'qPCR Run Entry'!X43) | AE43: =IF('qPCR Run Entry'!Y43="","",'qPCR Run Entry'!Y43) | AF43: =IF('qPCR Run Entry'!Z43="","",'qPCR Run Entry'!Z43) | AG43: IAC | AH43: CALFL-ORNG | AL43: =IF('qPCR Run Entry'!AF43="","",'qPCR Run Entry'!AF43) | AN43: =AI43-AM43 -> 0 | AO43: =IF(ISNUMBER(AM43),IF(ABS(AN43)>1.5, "FAIL", "Pass"),"")
A44: ='Sample Metadata'!D22 -> 0 | B44: =IF('qPCR Run Entry'!B44="","",'qPCR Run Entry'!B44) | C44: =IF('qPCR Run Entry'!C44="","",'qPCR Run Entry'!C44) | D44: =IF('qPCR Run Entry'!D44="","",'qPCR Run Entry'!D44) | E44: IAC | F44: CALFL-ORNG | J44: =IF('qPCR Run Entry'!J44="","",'qPCR Run Entry'!J44) | L44: =G44-K44 -> 0 | M44: =IF(ISNUMBER(K44),IF(ABS(L44)>1.5, "FAIL", "Pass"),"") | O44: =A44 -> 0 | P44: =IF('qPCR Run Entry'!M44="","",'qPCR Run Entry'!M44) | Q44: =IF('qPCR Run Entry'!N44="","",'qPCR Run Entry'!N44) | R44: =IF('qPCR Run Entry'!O44="","",'qPCR Run Entry'!O44) | S44: IAC | T44: CALFL-ORNG | X44: =IF('qPCR Run Entry'!U44="","",'qPCR Run Entry'!U44) | Z44: =U44-Y44 -> 0 | AA44: =IF(ISNUMBER(Y44),IF(ABS(Z44)>1.5, "FAIL", "Pass"),"") | AC44: =O44 -> 0 | AD44: =IF('qPCR Run Entry'!X44="","",'qPCR Run Entry'!X44) | AE44: =IF('qPCR Run Entry'!Y44="","",'qPCR Run Entry'!Y44) | AF44: =IF('qPCR Run Entry'!Z44="","",'qPCR Run Entry'!Z44) | AG44: IAC | AH44: CALFL-ORNG | AL44: =IF('qPCR Run Entry'!AF44="","",'qPCR Run Entry'!AF44) | AN44: =AI44-AM44 -> 0 | AO44: =IF(ISNUMBER(AM44),IF(ABS(AN44)>1.5, "FAIL", "Pass"),"")
B45: =IF('qPCR Run Entry'!B45="","",'qPCR Run Entry'!B45) | C45: =IF('qPCR Run Entry'!C45="","",'qPCR Run Entry'!C45) | E45: IAC | F45: CALFL-ORNG | J45: =IF('qPCR Run Entry'!J45="","",'qPCR Run Entry'!J45) | L45: =G45-K45 -> 0 | M45: =IF(ISNUMBER(K45),IF(ABS(L45)>1.5, "FAIL", "Pass"),"") | P45: =IF('qPCR Run Entry'!M45="","",'qPCR Run Entry'!M45) | Q45: =IF('qPCR Run Entry'!N45="","",'qPCR Run Entry'!N45) | R45: =IF('qPCR Run Entry'!O45="","",'qPCR Run Entry'!O45) | S45: IAC | T45: CALFL-ORNG | X45: =IF('qPCR Run Entry'!U45="","",'qPCR Run Entry'!U45) | Z45: =U45-Y45 -> 0 | AA45: =IF(ISNUMBER(Y45),IF(ABS(Z45)>1.5, "FAIL", "Pass"),"") | AD45: =IF('qPCR Run Entry'!X45="","",'qPCR Run Entry'!X45) | AE45: =IF('qPCR Run Entry'!Y45="","",'qPCR Run Entry'!Y45) | AF45: =IF('qPCR Run Entry'!Z45="","",'qPCR Run Entry'!Z45) | AG45: IAC | AH45: CALFL-ORNG | AL45: =IF('qPCR Run Entry'!AF45="","",'qPCR Run Entry'!AF45) | AN45: =AI45-AM45 -> 0 | AO45: =IF(ISNUMBER(AM45),IF(ABS(AN45)>1.5, "FAIL", "Pass"),"")
A46: ='Sample Metadata'!D23 -> 0 | B46: =IF('qPCR Run Entry'!B46="","",'qPCR Run Entry'!B46) | C46: =IF('qPCR Run Entry'!C46="","",'qPCR Run Entry'!C46) | D46: =IF('qPCR Run Entry'!D46="","",'qPCR Run Entry'!D46) | E46: IAC | F46: CALFL-ORNG | J46: =IF('qPCR Run Entry'!J46="","",'qPCR Run Entry'!J46) | L46: =G46-K46 -> 0 | M46: =IF(ISNUMBER(K46),IF(ABS(L46)>1.5, "FAIL", "Pass"),"") | O46: =A46 -> 0 | P46: =IF('qPCR Run Entry'!M46="","",'qPCR Run Entry'!M46) | Q46: =IF('qPCR Run Entry'!N46="","",'qPCR Run Entry'!N46) | R46: =IF('qPCR Run Entry'!O46="","",'qPCR Run Entry'!O46) | S46: IAC | T46: CALFL-ORNG | X46: =IF('qPCR Run Entry'!U46="","",'qPCR Run Entry'!U46) | Z46: =U46-Y46 -> 0 | AA46: =IF(ISNUMBER(Y46),IF(ABS(Z46)>1.5, "FAIL", "Pass"),"") | AC46: =O46 -> 0 | AD46: =IF('qPCR Run Entry'!X46="","",'qPCR Run Entry'!X46) | AE46: =IF('qPCR Run Entry'!Y46="","",'qPCR Run Entry'!Y46) | AF46: =IF('qPCR Run Entry'!Z46="","",'qPCR Run Entry'!Z46) | AG46: IAC | AH46: CALFL-ORNG | AL46: =IF('qPCR Run Entry'!AF46="","",'qPCR Run Entry'!AF46) | AN46: =AI46-AM46 -> 0 | AO46: =IF(ISNUMBER(AM46),IF(ABS(AN46)>1.5, "FAIL", "Pass"),"")
B47: =IF('qPCR Run Entry'!B47="","",'qPCR Run Entry'!B47) | C47: =IF('qPCR Run Entry'!C47="","",'qPCR Run Entry'!C47) | E47: IAC | F47: CALFL-ORNG | J47: =IF('qPCR Run Entry'!J47="","",'qPCR Run Entry'!J47) | L47: =G47-K47 -> 0 | M47: =IF(ISNUMBER(K47),IF(ABS(L47)>1.5, "FAIL", "Pass"),"") | P47: =IF('qPCR Run Entry'!M47="","",'qPCR Run Entry'!M47) | Q47: =IF('qPCR Run Entry'!N47="","",'qPCR Run Entry'!N47) | R47: =IF('qPCR Run Entry'!O47="","",'qPCR Run Entry'!O47) | S47: IAC | T47: CALFL-ORNG | X47: =IF('qPCR Run Entry'!U47="","",'qPCR Run Entry'!U47) | Z47: =U47-Y47 -> 0 | AA47: =IF(ISNUMBER(Y47),IF(ABS(Z47)>1.5, "FAIL", "Pass"),"") | AD47: =IF('qPCR Run Entry'!X47="","",'qPCR Run Entry'!X47) | AE47: =IF('qPCR Run Entry'!Y47="","",'qPCR Run Entry'!Y47) | AF47: =IF('qPCR Run Entry'!Z47="","",'qPCR Run Entry'!Z47) | AG47: IAC | AH47: CALFL-ORNG | AL47: =IF('qPCR Run Entry'!AF47="","",'qPCR Run Entry'!AF47) | AN47: =AI47-AM47 -> 0 | AO47: =IF(ISNUMBER(AM47),IF(ABS(AN47)>1.5, "FAIL", "Pass"),"")
A48: ='Sample Metadata'!D24 -> 0 | B48: =IF('qPCR Run Entry'!B48="","",'qPCR Run Entry'!B48) | C48: =IF('qPCR Run Entry'!C48="","",'qPCR Run Entry'!C48) | D48: =IF('qPCR Run Entry'!D48="","",'qPCR Run Entry'!D48) | E48: IAC | F48: CALFL-ORNG | J48: =IF('qPCR Run Entry'!J48="","",'qPCR Run Entry'!J48) | L48: =G48-K48 -> 0 | M48: =IF(ISNUMBER(K48),IF(ABS(L48)>1.5, "FAIL", "Pass"),"") | O48: =A48 -> 0 | P48: =IF('qPCR Run Entry'!M48="","",'qPCR Run Entry'!M48) | Q48: =IF('qPCR Run Entry'!N48="","",'qPCR Run Entry'!N48) | R48: =IF('qPCR Run Entry'!O48="","",'qPCR Run Entry'!O48) | S48: IAC | T48: CALFL-ORNG | X48: =IF('qPCR Run Entry'!U48="","",'qPCR Run Entry'!U48) | Z48: =U48-Y48 -> 0 | AA48: =IF(ISNUMBER(Y48),IF(ABS(Z48)>1.5, "FAIL", "Pass"),"") | AC48: =O48 -> 0 | AD48: =IF('qPCR Run Entry'!X48="","",'qPCR Run Entry'!X48) | AE48: =IF('qPCR Run Entry'!Y48="","",'qPCR Run Entry'!Y48) | AF48: =IF('qPCR Run Entry'!Z48="","",'qPCR Run Entry'!Z48) | AG48: IAC | AH48: CALFL-ORNG | AL48: =IF('qPCR Run Entry'!AF48="","",'qPCR Run Entry'!AF48) | AN48: =AI48-AM48 -> 0 | AO48: =IF(ISNUMBER(AM48),IF(ABS(AN48)>1.5, "FAIL", "Pass"),"")
B49: =IF('qPCR Run Entry'!B49="","",'qPCR Run Entry'!B49) | C49: =IF('qPCR Run Entry'!C49="","",'qPCR Run Entry'!C49) | E49: IAC | F49: CALFL-ORNG | J49: =IF('qPCR Run Entry'!J49="","",'qPCR Run Entry'!J49) | L49: =G49-K49 -> 0 | M49: =IF(ISNUMBER(K49),IF(ABS(L49)>1.5, "FAIL", "Pass"),"") | P49: =IF('qPCR Run Entry'!M49="","",'qPCR Run Entry'!M49) | Q49: =IF('qPCR Run Entry'!N49="","",'qPCR Run Entry'!N49) | R49: =IF('qPCR Run Entry'!O49="","",'qPCR Run Entry'!O49) | S49: IAC | T49: CALFL-ORNG | X49: =IF('qPCR Run Entry'!U49="","",'qPCR Run Entry'!U49) | Z49: =U49-Y49 -> 0 | AA49: =IF(ISNUMBER(Y49),IF(ABS(Z49)>1.5, "FAIL", "Pass"),"") | AD49: =IF('qPCR Run Entry'!X49="","",'qPCR Run Entry'!X49) | AE49: =IF('qPCR Run Entry'!Y49="","",'qPCR Run Entry'!Y49) | AF49: =IF('qPCR Run Entry'!Z49="","",'qPCR Run Entry'!Z49) | AG49: IAC | AH49: CALFL-ORNG | AL49: =IF('qPCR Run Entry'!AF49="","",'qPCR Run Entry'!AF49) | AN49: =AI49-AM49 -> 0 | AO49: =IF(ISNUMBER(AM49),IF(ABS(AN49)>1.5, "FAIL", "Pass"),"")
A50: ='Sample Metadata'!D25 -> 0 | B50: =IF('qPCR Run Entry'!B50="","",'qPCR Run Entry'!B50) | C50: =IF('qPCR Run Entry'!C50="","",'qPCR Run Entry'!C50) | D50: =IF('qPCR Run Entry'!D50="","",'qPCR Run Entry'!D50) | E50: IAC | F50: CALFL-ORNG | J50: =IF('qPCR Run Entry'!J50="","",'qPCR Run Entry'!J50) | L50: =G50-K50 -> 0 | M50: =IF(ISNUMBER(K50),IF(ABS(L50)>1.5, "FAIL", "Pass"),"") | O50: =A50 -> 0 | P50: =IF('qPCR Run Entry'!M50="","",'qPCR Run Entry'!M50) | Q50: =IF('qPCR Run Entry'!N50="","",'qPCR Run Entry'!N50) | R50: =IF('qPCR Run Entry'!O50="","",'qPCR Run Entry'!O50) | S50: IAC | T50: CALFL-ORNG | X50: =IF('qPCR Run Entry'!U50="","",'qPCR Run Entry'!U50) | Z50: =U50-Y50 -> 0 | AA50: =IF(ISNUMBER(Y50),IF(ABS(Z50)>1.5, "FAIL", "Pass"),"") | AC50: =O50 -> 0 | AD50: =IF('qPCR Run Entry'!X50="","",'qPCR Run Entry'!X50) | AE50: =IF('qPCR Run Entry'!Y50="","",'qPCR Run Entry'!Y50) | AF50: =IF('qPCR Run Entry'!Z50="","",'qPCR Run Entry'!Z50) | AG50: IAC | AH50: CALFL-ORNG | AL50: =IF('qPCR Run Entry'!AF50="","",'qPCR Run Entry'!AF50) | AN50: =AI50-AM50 -> 0 | AO50: =IF(ISNUMBER(AM50),IF(ABS(AN50)>1.5, "FAIL", "Pass"),"")
B51: =IF('qPCR Run Entry'!B51="","",'qPCR Run Entry'!B51) | C51: =IF('qPCR Run Entry'!C51="","",'qPCR Run Entry'!C51) | E51: IAC | F51: CALFL-ORNG | J51: =IF('qPCR Run Entry'!J51="","",'qPCR Run Entry'!J51) | L51: =G51-K51 -> 0 | M51: =IF(ISNUMBER(K51),IF(ABS(L51)>1.5, "FAIL", "Pass"),"") | P51: =IF('qPCR Run Entry'!M51="","",'qPCR Run Entry'!M51) | Q51: =IF('qPCR Run Entry'!N51="","",'qPCR Run Entry'!N51) | R51: =IF('qPCR Run Entry'!O51="","",'qPCR Run Entry'!O51) | S51: IAC | T51: CALFL-ORNG | X51: =IF('qPCR Run Entry'!U51="","",'qPCR Run Entry'!U51) | Z51: =U51-Y51 -> 0 | AA51: =IF(ISNUMBER(Y51),IF(ABS(Z51)>1.5, "FAIL", "Pass"),"") | AD51: =IF('qPCR Run Entry'!X51="","",'qPCR Run Entry'!X51) | AE51: =IF('qPCR Run Entry'!Y51="","",'qPCR Run Entry'!Y51) | AF51: =IF('qPCR Run Entry'!Z51="","",'qPCR Run Entry'!Z51) | AG51: IAC | AH51: CALFL-ORNG | AL51: =IF('qPCR Run Entry'!AF51="","",'qPCR Run Entry'!AF51) | AN51: =AI51-AM51 -> 0 | AO51: =IF(ISNUMBER(AM51),IF(ABS(AN51)>1.5, "FAIL", "Pass"),"")
A52: ='Sample Metadata'!D26 -> 0 | B52: =IF('qPCR Run Entry'!B52="","",'qPCR Run Entry'!B52) | C52: =IF('qPCR Run Entry'!C52="","",'qPCR Run Entry'!C52) | D52: =IF('qPCR Run Entry'!D52="","",'qPCR Run Entry'!D52) | E52: IAC | F52: CALFL-ORNG | J52: =IF('qPCR Run Entry'!J52="","",'qPCR Run Entry'!J52) | L52: =G52-K52 -> 0 | M52: =IF(ISNUMBER(K52),IF(ABS(L52)>1.5, "FAIL", "Pass"),"") | O52: =A52 -> 0 | P52: =IF('qPCR Run Entry'!M52="","",'qPCR Run Entry'!M52) | Q52: =IF('qPCR Run Entry'!N52="","",'qPCR Run Entry'!N52) | R52: =IF('qPCR Run Entry'!O52="","",'qPCR Run Entry'!O52) | S52: IAC | T52: CALFL-ORNG | X52: =IF('qPCR Run Entry'!U52="","",'qPCR Run Entry'!U52) | Z52: =U52-Y52 -> 0 | AA52: =IF(ISNUMBER(Y52),IF(ABS(Z52)>1.5, "FAIL", "Pass"),"") | AC52: =O52 -> 0 | AD52: =IF('qPCR Run Entry'!X52="","",'qPCR Run Entry'!X52) | AE52: =IF('qPCR Run Entry'!Y52="","",'qPCR Run Entry'!Y52) | AF52: =IF('qPCR Run Entry'!Z52="","",'qPCR Run Entry'!Z52) | AG52: IAC | AH52: CALFL-ORNG | AL52: =IF('qPCR Run Entry'!AF52="","",'qPCR Run Entry'!AF52) | AN52: =AI52-AM52 -> 0 | AO52: =IF(ISNUMBER(AM52),IF(ABS(AN52)>1.5, "FAIL", "Pass"),"")
B53: =IF('qPCR Run Entry'!B53="","",'qPCR Run Entry'!B53) | C53: =IF('qPCR Run Entry'!C53="","",'qPCR Run Entry'!C53) | E53: IAC | F53: CALFL-ORNG | J53: =IF('qPCR Run Entry'!J53="","",'qPCR Run Entry'!J53) | L53: =G53-K53 -> 0 | M53: =IF(ISNUMBER(K53),IF(ABS(L53)>1.5, "FAIL", "Pass"),"") | P53: =IF('qPCR Run Entry'!M53="","",'qPCR Run Entry'!M53) | Q53: =IF('qPCR Run Entry'!N53="","",'qPCR Run Entry'!N53) | R53: =IF('qPCR Run Entry'!O53="","",'qPCR Run Entry'!O53) | S53: IAC | T53: CALFL-ORNG | X53: =IF('qPCR Run Entry'!U53="","",'qPCR Run Entry'!U53) | Z53: =U53-Y53 -> 0 | AA53: =IF(ISNUMBER(Y53),IF(ABS(Z53)>1.5, "FAIL", "Pass"),"") | AD53: =IF('qPCR Run Entry'!X53="","",'qPCR Run Entry'!X53) | AE53: =IF('qPCR Run Entry'!Y53="","",'qPCR Run Entry'!Y53) | AF53: =IF('qPCR Run Entry'!Z53="","",'qPCR Run Entry'!Z53) | AG53: IAC | AH53: CALFL-ORNG | AL53: =IF('qPCR Run Entry'!AF53="","",'qPCR Run Entry'!AF53) | AN53: =AI53-AM53 -> 0 | AO53: =IF(ISNUMBER(AM53),IF(ABS(AN53)>1.5, "FAIL", "Pass"),"")
A54: ='Sample Metadata'!D27 -> 0 | B54: =IF('qPCR Run Entry'!B54="","",'qPCR Run Entry'!B54) | C54: =IF('qPCR Run Entry'!C54="","",'qPCR Run Entry'!C54) | D54: =IF('qPCR Run Entry'!D54="","",'qPCR Run Entry'!D54) | E54: IAC | F54: CALFL-ORNG | J54: =IF('qPCR Run Entry'!J54="","",'qPCR Run Entry'!J54) | L54: =G54-K54 -> 0 | M54: =IF(ISNUMBER(K54),IF(ABS(L54)>1.5, "FAIL", "Pass"),"") | O54: =A54 -> 0 | P54: =IF('qPCR Run Entry'!M54="","",'qPCR Run Entry'!M54) | Q54: =IF('qPCR Run Entry'!N54="","",'qPCR Run Entry'!N54) | R54: =IF('qPCR Run Entry'!O54="","",'qPCR Run Entry'!O54) | S54: IAC | T54: CALFL-ORNG | X54: =IF('qPCR Run Entry'!U54="","",'qPCR Run Entry'!U54) | Z54: =U54-Y54 -> 0 | AA54: =IF(ISNUMBER(Y54),IF(ABS(Z54)>1.5, "FAIL", "Pass"),"") | AC54: =O54 -> 0 | AD54: =IF('qPCR Run Entry'!X54="","",'qPCR Run Entry'!X54) | AE54: =IF('qPCR Run Entry'!Y54="","",'qPCR Run Entry'!Y54) | AF54: =IF('qPCR Run Entry'!Z54="","",'qPCR Run Entry'!Z54) | AG54: IAC | AH54: CALFL-ORNG | AL54: =IF('qPCR Run Entry'!AF54="","",'qPCR Run Entry'!AF54) | AN54: =AI54-AM54 -> 0 | AO54: =IF(ISNUMBER(AM54),IF(ABS(AN54)>1.5, "FAIL", "Pass"),"")
B55: =IF('qPCR Run Entry'!B55="","",'qPCR Run Entry'!B55) | C55: =IF('qPCR Run Entry'!C55="","",'qPCR Run Entry'!C55) | E55: IAC | F55: CALFL-ORNG | J55: =IF('qPCR Run Entry'!J55="","",'qPCR Run Entry'!J55) | L55: =G55-K55 -> 0 | M55: =IF(ISNUMBER(K55),IF(ABS(L55)>1.5, "FAIL", "Pass"),"") | P55: =IF('qPCR Run Entry'!M55="","",'qPCR Run Entry'!M55) | Q55: =IF('qPCR Run Entry'!N55="","",'qPCR Run Entry'!N55) | R55: =IF('qPCR Run Entry'!O55="","",'qPCR Run Entry'!O55) | S55: IAC | T55: CALFL-ORNG | X55: =IF('qPCR Run Entry'!U55="","",'qPCR Run Entry'!U55) | Z55: =U55-Y55 -> 0 | AA55: =IF(ISNUMBER(Y55),IF(ABS(Z55)>1.5, "FAIL", "Pass"),"") | AD55: =IF('qPCR Run Entry'!X55="","",'qPCR Run Entry'!X55) | AE55: =IF('qPCR Run Entry'!Y55="","",'qPCR Run Entry'!Y55) | AF55: =IF('qPCR Run Entry'!Z55="","",'qPCR Run Entry'!Z55) | AG55: IAC | AH55: CALFL-ORNG | AL55: =IF('qPCR Run Entry'!AF55="","",'qPCR Run Entry'!AF55) | AN55: =AI55-AM55 -> 0 | AO55: =IF(ISNUMBER(AM55),IF(ABS(AN55)>1.5, "FAIL", "Pass"),"")
A56: ='Sample Metadata'!D28 -> 0 | B56: =IF('qPCR Run Entry'!B56="","",'qPCR Run Entry'!B56) | C56: =IF('qPCR Run Entry'!C56="","",'qPCR Run Entry'!C56) | D56: =IF('qPCR Run Entry'!D56="","",'qPCR Run Entry'!D56) | E56: IAC | F56: CALFL-ORNG | J56: =IF('qPCR Run Entry'!J56="","",'qPCR Run Entry'!J56) | L56: =G56-K56 -> 0 | M56: =IF(ISNUMBER(K56),IF(ABS(L56)>1.5, "FAIL", "Pass"),"") | O56: =A56 -> 0 | P56: =IF('qPCR Run Entry'!M56="","",'qPCR Run Entry'!M56) | Q56: =IF('qPCR Run Entry'!N56="","",'qPCR Run Entry'!N56) | R56: =IF('qPCR Run Entry'!O56="","",'qPCR Run Entry'!O56) | S56: IAC | T56: CALFL-ORNG | X56: =IF('qPCR Run Entry'!U56="","",'qPCR Run Entry'!U56) | Z56: =U56-Y56 -> 0 | AA56: =IF(ISNUMBER(Y56),IF(ABS(Z56)>1.5, "FAIL", "Pass"),"") | AC56: =O56 -> 0 | AD56: =IF('qPCR Run Entry'!X56="","",'qPCR Run Entry'!X56) | AE56: =IF('qPCR Run Entry'!Y56="","",'qPCR Run Entry'!Y56) | AF56: =IF('qPCR Run Entry'!Z56="","",'qPCR Run Entry'!Z56) | AG56: IAC | AH56: CALFL-ORNG | AL56: =IF('qPCR Run Entry'!AF56="","",'qPCR Run Entry'!AF56) | AN56: =AI56-AM56 -> 0 | AO56: =IF(ISNUMBER(AM56),IF(ABS(AN56)>1.5, "FAIL", "Pass"),"")
B57: =IF('qPCR Run Entry'!B57="","",'qPCR Run Entry'!B57) | C57: =IF('qPCR Run Entry'!C57="","",'qPCR Run Entry'!C57) | E57: IAC | F57: CALFL-ORNG | J57: =IF('qPCR Run Entry'!J57="","",'qPCR Run Entry'!J57) | L57: =G57-K57 -> 0 | M57: =IF(ISNUMBER(K57),IF(ABS(L57)>1.5, "FAIL", "Pass"),"") | P57: =IF('qPCR Run Entry'!M57="","",'qPCR Run Entry'!M57) | Q57: =IF('qPCR Run Entry'!N57="","",'qPCR Run Entry'!N57) | R57: =IF('qPCR Run Entry'!O57="","",'qPCR Run Entry'!O57) | S57: IAC | T57: CALFL-ORNG | X57: =IF('qPCR Run Entry'!U57="","",'qPCR Run Entry'!U57) | Z57: =U57-Y57 -> 0 | AA57: =IF(ISNUMBER(Y57),IF(ABS(Z57)>1.5, "FAIL", "Pass"),"") | AD57: =IF('qPCR Run Entry'!X57="","",'qPCR Run Entry'!X57) | AE57: =IF('qPCR Run Entry'!Y57="","",'qPCR Run Entry'!Y57) | AF57: =IF('qPCR Run Entry'!Z57="","",'qPCR Run Entry'!Z57) | AG57: IAC | AH57: CALFL-ORNG | AL57: =IF('qPCR Run Entry'!AF57="","",'qPCR Run Entry'!AF57) | AN57: =AI57-AM57 -> 0 | AO57: =IF(ISNUMBER(AM57),IF(ABS(AN57)>1.5, "FAIL", "Pass"),"")
A58: ='Sample Metadata'!D29 -> 0 | B58: =IF('qPCR Run Entry'!B58="","",'qPCR Run Entry'!B58) | C58: =IF('qPCR Run Entry'!C58="","",'qPCR Run Entry'!C58) | D58: =IF('qPCR Run Entry'!D58="","",'qPCR Run Entry'!D58) | E58: IAC | F58: CALFL-ORNG | J58: =IF('qPCR Run Entry'!J58="","",'qPCR Run Entry'!J58) | L58: =G58-K58 -> 0 | M58: =IF(ISNUMBER(K58),IF(ABS(L58)>1.5, "FAIL", "Pass"),"") | O58: =A58 -> 0 | P58: =IF('qPCR Run Entry'!M58="","",'qPCR Run Entry'!M58) | Q58: =IF('qPCR Run Entry'!N58="","",'qPCR Run Entry'!N58) | R58: =IF('qPCR Run Entry'!O58="","",'qPCR Run Entry'!O58) | S58: IAC | T58: CALFL-ORNG | X58: =IF('qPCR Run Entry'!U58="","",'qPCR Run Entry'!U58) | Z58: =U58-Y58 -> 0 | AA58: =IF(ISNUMBER(Y58),IF(ABS(Z58)>1.5, "FAIL", "Pass"),"") | AC58: =O58 -> 0 | AD58: =IF('qPCR Run Entry'!X58="","",'qPCR Run Entry'!X58) | AE58: =IF('qPCR Run Entry'!Y58="","",'qPCR Run Entry'!Y58) | AF58: =IF('qPCR Run Entry'!Z58="","",'qPCR Run Entry'!Z58) | AG58: IAC | AH58: CALFL-ORNG | AL58: =IF('qPCR Run Entry'!AF58="","",'qPCR Run Entry'!AF58) | AN58: =AI58-AM58 -> 0 | AO58: =IF(ISNUMBER(AM58),IF(ABS(AN58)>1.5, "FAIL", "Pass"),"")
B59: =IF('qPCR Run Entry'!B59="","",'qPCR Run Entry'!B59) | C59: =IF('qPCR Run Entry'!C59="","",'qPCR Run Entry'!C59) | E59: IAC | F59: CALFL-ORNG | J59: =IF('qPCR Run Entry'!J59="","",'qPCR Run Entry'!J59) | L59: =G59-K59 -> 0 | M59: =IF(ISNUMBER(K59),IF(ABS(L59)>1.5, "FAIL", "Pass"),"") | P59: =IF('qPCR Run Entry'!M59="","",'qPCR Run Entry'!M59) | Q59: =IF('qPCR Run Entry'!N59="","",'qPCR Run Entry'!N59) | R59: =IF('qPCR Run Entry'!O59="","",'qPCR Run Entry'!O59) | S59: IAC | T59: CALFL-ORNG | X59: =IF('qPCR Run Entry'!U59="","",'qPCR Run Entry'!U59) | Z59: =U59-Y59 -> 0 | AA59: =IF(ISNUMBER(Y59),IF(ABS(Z59)>1.5, "FAIL", "Pass"),"") | AD59: =IF('qPCR Run Entry'!X59="","",'qPCR Run Entry'!X59) | AE59: =IF('qPCR Run Entry'!Y59="","",'qPCR Run Entry'!Y59) | AF59: =IF('qPCR Run Entry'!Z59="","",'qPCR Run Entry'!Z59) | AG59: IAC | AH59: CALFL-ORNG | AL59: =IF('qPCR Run Entry'!AF59="","",'qPCR Run Entry'!AF59) | AN59: =AI59-AM59 -> 0 | AO59: =IF(ISNUMBER(AM59),IF(ABS(AN59)>1.5, "FAIL", "Pass"),"")
A60: ='Sample Metadata'!D30 -> 0 | B60: =IF('qPCR Run Entry'!B60="","",'qPCR Run Entry'!B60) | C60: =IF('qPCR Run Entry'!C60="","",'qPCR Run Entry'!C60) | D60: =IF('qPCR Run Entry'!D60="","",'qPCR Run Entry'!D60) | E60: IAC | F60: CALFL-ORNG | J60: =IF('qPCR Run Entry'!J60="","",'qPCR Run Entry'!J60) | L60: =G60-K60 -> 0 | M60: =IF(ISNUMBER(K60),IF(ABS(L60)>1.5, "FAIL", "Pass"),"") | O60: =A60 -> 0 | P60: =IF('qPCR Run Entry'!M60="","",'qPCR Run Entry'!M60) | Q60: =IF('qPCR Run Entry'!N60="","",'qPCR Run Entry'!N60) | R60: =IF('qPCR Run Entry'!O60="","",'qPCR Run Entry'!O60) | S60: IAC | T60: CALFL-ORNG | X60: =IF('qPCR Run Entry'!U60="","",'qPCR Run Entry'!U60) | Z60: =U60-Y60 -> 0 | AA60: =IF(ISNUMBER(Y60),IF(ABS(Z60)>1.5, "FAIL", "Pass"),"") | AC60: =O60 -> 0 | AD60: =IF('qPCR Run Entry'!X60="","",'qPCR Run Entry'!X60) | AE60: =IF('qPCR Run Entry'!Y60="","",'qPCR Run Entry'!Y60) | AF60: =IF('qPCR Run Entry'!Z60="","",'qPCR Run Entry'!Z60) | AG60: IAC | AH60: CALFL-ORNG | AL60: =IF('qPCR Run Entry'!AF60="","",'qPCR Run Entry'!AF60) | AN60: =AI60-AM60 -> 0 | AO60: =IF(ISNUMBER(AM60),IF(ABS(AN60)>1.5, "FAIL", "Pass"),"")
B61: =IF('qPCR Run Entry'!B61="","",'qPCR Run Entry'!B61) | C61: =IF('qPCR Run Entry'!C61="","",'qPCR Run Entry'!C61) | E61: IAC | F61: CALFL-ORNG | J61: =IF('qPCR Run Entry'!J61="","",'qPCR Run Entry'!J61) | L61: =G61-K61 -> 0 | M61: =IF(ISNUMBER(K61),IF(ABS(L61)>1.5, "FAIL", "Pass"),"") | P61: =IF('qPCR Run Entry'!M61="","",'qPCR Run Entry'!M61) | Q61: =IF('qPCR Run Entry'!N61="","",'qPCR Run Entry'!N61) | R61: =IF('qPCR Run Entry'!O61="","",'qPCR Run Entry'!O61) | S61: IAC | T61: CALFL-ORNG | X61: =IF('qPCR Run Entry'!U61="","",'qPCR Run Entry'!U61) | Z61: =U61-Y61 -> 0 | AA61: =IF(ISNUMBER(Y61),IF(ABS(Z61)>1.5, "FAIL", "Pass"),"") | AD61: =IF('qPCR Run Entry'!X61="","",'qPCR Run Entry'!X61) | AE61: =IF('qPCR Run Entry'!Y61="","",'qPCR Run Entry'!Y61) | AF61: =IF('qPCR Run Entry'!Z61="","",'qPCR Run Entry'!Z61) | AG61: IAC | AH61: CALFL-ORNG | AL61: =IF('qPCR Run Entry'!AF61="","",'qPCR Run Entry'!AF61) | AN61: =AI61-AM61 -> 0 | AO61: =IF(ISNUMBER(AM61),IF(ABS(AN61)>1.5, "FAIL", "Pass"),"")
A62: ='Sample Metadata'!D31 -> 0 | B62: =IF('qPCR Run Entry'!B62="","",'qPCR Run Entry'!B62) | C62: =IF('qPCR Run Entry'!C62="","",'qPCR Run Entry'!C62) | D62: =IF('qPCR Run Entry'!D62="","",'qPCR Run Entry'!D62) | E62: IAC | F62: CALFL-ORNG | J62: =IF('qPCR Run Entry'!J62="","",'qPCR Run Entry'!J62) | L62: =G62-K62 -> 0 | M62: =IF(ISNUMBER(K62),IF(ABS(L62)>1.5, "FAIL", "Pass"),"") | O62: =A62 -> 0 | P62: =IF('qPCR Run Entry'!M62="","",'qPCR Run Entry'!M62) | Q62: =IF('qPCR Run Entry'!N62="","",'qPCR Run Entry'!N62) | R62: =IF('qPCR Run Entry'!O62="","",'qPCR Run Entry'!O62) | S62: IAC | T62: CALFL-ORNG | X62: =IF('qPCR Run Entry'!U62="","",'qPCR Run Entry'!U62) | Z62: =U62-Y62 -> 0 | AA62: =IF(ISNUMBER(Y62),IF(ABS(Z62)>1.5, "FAIL", "Pass"),"") | AC62: =O62 -> 0 | AD62: =IF('qPCR Run Entry'!X62="","",'qPCR Run Entry'!X62) | AE62: =IF('qPCR Run Entry'!Y62="","",'qPCR Run Entry'!Y62) | AF62: =IF('qPCR Run Entry'!Z62="","",'qPCR Run Entry'!Z62) | AG62: IAC | AH62: CALFL-ORNG | AL62: =IF('qPCR Run Entry'!AF62="","",'qPCR Run Entry'!AF62) | AN62: =AI62-AM62 -> 0 | AO62: =IF(ISNUMBER(AM62),IF(ABS(AN62)>1.5, "FAIL", "Pass"),"")
B63: =IF('qPCR Run Entry'!B63="","",'qPCR Run Entry'!B63) | C63: =IF('qPCR Run Entry'!C63="","",'qPCR Run Entry'!C63) | E63: IAC | F63: CALFL-ORNG | J63: =IF('qPCR Run Entry'!J63="","",'qPCR Run Entry'!J63) | L63: =G63-K63 -> 0 | M63: =IF(ISNUMBER(K63),IF(ABS(L63)>1.5, "FAIL", "Pass"),"") | P63: =IF('qPCR Run Entry'!M63="","",'qPCR Run Entry'!M63) | Q63: =IF('qPCR Run Entry'!N63="","",'qPCR Run Entry'!N63) | R63: =IF('qPCR Run Entry'!O63="","",'qPCR Run Entry'!O63) | S63: IAC | T63: CALFL-ORNG | X63: =IF('qPCR Run Entry'!U63="","",'qPCR Run Entry'!U63) | Z63: =U63-Y63 -> 0 | AA63: =IF(ISNUMBER(Y63),IF(ABS(Z63)>1.5, "FAIL", "Pass"),"") | AD63: =IF('qPCR Run Entry'!X63="","",'qPCR Run Entry'!X63) | AE63: =IF('qPCR Run Entry'!Y63="","",'qPCR Run Entry'!Y63) | AF63: =IF('qPCR Run Entry'!Z63="","",'qPCR Run Entry'!Z63) | AG63: IAC | AH63: CALFL-ORNG | AL63: =IF('qPCR Run Entry'!AF63="","",'qPCR Run Entry'!AF63) | AN63: =AI63-AM63 -> 0 | AO63: =IF(ISNUMBER(AM63),IF(ABS(AN63)>1.5, "FAIL", "Pass"),"")
A64: ='Sample Metadata'!D32 -> 0 | B64: =IF('qPCR Run Entry'!B64="","",'qPCR Run Entry'!B64) | C64: =IF('qPCR Run Entry'!C64="","",'qPCR Run Entry'!C64) | D64: =IF('qPCR Run Entry'!D64="","",'qPCR Run Entry'!D64) | E64: IAC | F64: CALFL-ORNG | J64: =IF('qPCR Run Entry'!J64="","",'qPCR Run Entry'!J64) | L64: =G64-K64 -> 0 | M64: =IF(ISNUMBER(K64),IF(ABS(L64)>1.5, "FAIL", "Pass"),"") | O64: =A64 -> 0 | P64: =IF('qPCR Run Entry'!M64="","",'qPCR Run Entry'!M64) | Q64: =IF('qPCR Run Entry'!N64="","",'qPCR Run Entry'!N64) | R64: =IF('qPCR Run Entry'!O64="","",'qPCR Run Entry'!O64) | S64: IAC | T64: CALFL-ORNG | X64: =IF('qPCR Run Entry'!U64="","",'qPCR Run Entry'!U64) | Z64: =U64-Y64 -> 0 | AA64: =IF(ISNUMBER(Y64),IF(ABS(Z64)>1.5, "FAIL", "Pass"),"") | AC64: =O64 -> 0 | AD64: =IF('qPCR Run Entry'!X64="","",'qPCR Run Entry'!X64) | AE64: =IF('qPCR Run Entry'!Y64="","",'qPCR Run Entry'!Y64) | AF64: =IF('qPCR Run Entry'!Z64="","",'qPCR Run Entry'!Z64) | AG64: IAC | AH64: CALFL-ORNG | AL64: =IF('qPCR Run Entry'!AF64="","",'qPCR Run Entry'!AF64) | AN64: =AI64-AM64 -> 0 | AO64: =IF(ISNUMBER(AM64),IF(ABS(AN64)>1.5, "FAIL", "Pass"),"")
B65: =IF('qPCR Run Entry'!B65="","",'qPCR Run Entry'!B65) | C65: =IF('qPCR Run Entry'!C65="","",'qPCR Run Entry'!C65) | E65: IAC | F65: CALFL-ORNG | J65: =IF('qPCR Run Entry'!J65="","",'qPCR Run Entry'!J65) | L65: =G65-K65 -> 0 | M65: =IF(ISNUMBER(K65),IF(ABS(L65)>1.5, "FAIL", "Pass"),"") | P65: =IF('qPCR Run Entry'!M65="","",'qPCR Run Entry'!M65) | Q65: =IF('qPCR Run Entry'!N65="","",'qPCR Run Entry'!N65) | R65: =IF('qPCR Run Entry'!O65="","",'qPCR Run Entry'!O65) | S65: IAC | T65: CALFL-ORNG | X65: =IF('qPCR Run Entry'!U65="","",'qPCR Run Entry'!U65) | Z65: =U65-Y65 -> 0 | AA65: =IF(ISNUMBER(Y65),IF(ABS(Z65)>1.5, "FAIL", "Pass"),"") | AD65: =IF('qPCR Run Entry'!X65="","",'qPCR Run Entry'!X65) | AE65: =IF('qPCR Run Entry'!Y65="","",'qPCR Run Entry'!Y65) | AF65: =IF('qPCR Run Entry'!Z65="","",'qPCR Run Entry'!Z65) | AG65: IAC | AH65: CALFL-ORNG | AL65: =IF('qPCR Run Entry'!AF65="","",'qPCR Run Entry'!AF65) | AN65: =AI65-AM65 -> 0 | AO65: =IF(ISNUMBER(AM65),IF(ABS(AN65)>1.5, "FAIL", "Pass"),"")
A66: ='Sample Metadata'!D33 -> 0 | B66: =IF('qPCR Run Entry'!B66="","",'qPCR Run Entry'!B66) | C66: =IF('qPCR Run Entry'!C66="","",'qPCR Run Entry'!C66) | D66: =IF('qPCR Run Entry'!D66="","",'qPCR Run Entry'!D66) | E66: IAC | F66: CALFL-ORNG | J66: =IF('qPCR Run Entry'!J66="","",'qPCR Run Entry'!J66) | L66: =G66-K66 -> 0 | M66: =IF(ISNUMBER(K66),IF(ABS(L66)>1.5, "FAIL", "Pass"),"") | O66: =A66 -> 0 | P66: =IF('qPCR Run Entry'!M66="","",'qPCR Run Entry'!M66) | Q66: =IF('qPCR Run Entry'!N66="","",'qPCR Run Entry'!N66) | R66: =IF('qPCR Run Entry'!O66="","",'qPCR Run Entry'!O66) | S66: IAC | T66: CALFL-ORNG | X66: =IF('qPCR Run Entry'!U66="","",'qPCR Run Entry'!U66) | Z66: =U66-Y66 -> 0 | AA66: =IF(ISNUMBER(Y66),IF(ABS(Z66)>1.5, "FAIL", "Pass"),"") | AC66: =O66 -> 0 | AD66: =IF('qPCR Run Entry'!X66="","",'qPCR Run Entry'!X66) | AE66: =IF('qPCR Run Entry'!Y66="","",'qPCR Run Entry'!Y66) | AF66: =IF('qPCR Run Entry'!Z66="","",'qPCR Run Entry'!Z66) | AG66: IAC | AH66: CALFL-ORNG | AL66: =IF('qPCR Run Entry'!AF66="","",'qPCR Run Entry'!AF66) | AN66: =AI66-AM66 -> 0 | AO66: =IF(ISNUMBER(AM66),IF(ABS(AN66)>1.5, "FAIL", "Pass"),"")
B67: =IF('qPCR Run Entry'!B67="","",'qPCR Run Entry'!B67) | C67: =IF('qPCR Run Entry'!C67="","",'qPCR Run Entry'!C67) | E67: IAC | F67: CALFL-ORNG | J67: =IF('qPCR Run Entry'!J67="","",'qPCR Run Entry'!J67) | L67: =G67-K67 -> 0 | M67: =IF(ISNUMBER(K67),IF(ABS(L67)>1.5, "FAIL", "Pass"),"") | P67: =IF('qPCR Run Entry'!M67="","",'qPCR Run Entry'!M67) | Q67: =IF('qPCR Run Entry'!N67="","",'qPCR Run Entry'!N67) | R67: =IF('qPCR Run Entry'!O67="","",'qPCR Run Entry'!O67) | S67: IAC | T67: CALFL-ORNG | X67: =IF('qPCR Run Entry'!U67="","",'qPCR Run Entry'!U67) | Z67: =U67-Y67 -> 0 | AA67: =IF(ISNUMBER(Y67),IF(ABS(Z67)>1.5, "FAIL", "Pass"),"") | AD67: =IF('qPCR Run Entry'!X67="","",'qPCR Run Entry'!X67) | AE67: =IF('qPCR Run Entry'!Y67="","",'qPCR Run Entry'!Y67) | AF67: =IF('qPCR Run Entry'!Z67="","",'qPCR Run Entry'!Z67) | AG67: IAC | AH67: CALFL-ORNG | AL67: =IF('qPCR Run Entry'!AF67="","",'qPCR Run Entry'!AF67) | AN67: =AI67-AM67 -> 0 | AO67: =IF(ISNUMBER(AM67),IF(ABS(AN67)>1.5, "FAIL", "Pass"),"")
A68: ='Sample Metadata'!D34 -> 0 | B68: =IF('qPCR Run Entry'!B68="","",'qPCR Run Entry'!B68) | C68: =IF('qPCR Run Entry'!C68="","",'qPCR Run Entry'!C68) | D68: =IF('qPCR Run Entry'!D68="","",'qPCR Run Entry'!D68) | E68: IAC | F68: CALFL-ORNG | J68: =IF('qPCR Run Entry'!J68="","",'qPCR Run Entry'!J68) | L68: =G68-K68 -> 0 | M68: =IF(ISNUMBER(K68),IF(ABS(L68)>1.5, "FAIL", "Pass"),"") | O68: =A68 -> 0 | P68: =IF('qPCR Run Entry'!O68="","",'qPCR Run Entry'!O68) | Q68: =IF('qPCR Run Entry'!P68="","",'qPCR Run Entry'!P68) | R68: =IF('qPCR Run Entry'!Q68="","",'qPCR Run Entry'!Q68) | S68: IAC | T68: CALFL-ORNG | X68: =IF('qPCR Run Entry'!U68="","",'qPCR Run Entry'!U68) | Z68: =U68-Y68 -> 0 | AA68: =IF(ISNUMBER(Y68),IF(ABS(Z68)>1.5, "FAIL", "Pass"),"") | AC68: =O68 -> 0 | AD68: =IF('qPCR Run Entry'!AB68="","",'qPCR Run Entry'!AB68) | AE68: =IF('qPCR Run Entry'!AC68="","",'qPCR Run Entry'!AC68) | AF68: =IF('qPCR Run Entry'!AD68="","",'qPCR Run Entry'!AD68) | AG68: IAC | AH68: CALFL-ORNG | AL68: =IF('qPCR Run Entry'!AJ68="","",'qPCR Run Entry'!AJ68) | AN68: =AI68-AM68 -> 0 | AO68: =IF(ISNUMBER(AM68),IF(ABS(AN68)>1.5, "FAIL", "Pass"),"")
B69: =IF('qPCR Run Entry'!B69="","",'qPCR Run Entry'!B69) | C69: =IF('qPCR Run Entry'!C69="","",'qPCR Run Entry'!C69) | E69: IAC | F69: CALFL-ORNG | J69: =IF('qPCR Run Entry'!J69="","",'qPCR Run Entry'!J69) | L69: =G69-K69 -> 0 | M69: =IF(ISNUMBER(K69),IF(ABS(L69)>1.5, "FAIL", "Pass"),"") | P69: =IF('qPCR Run Entry'!O69="","",'qPCR Run Entry'!O69) | Q69: =IF('qPCR Run Entry'!P69="","",'qPCR Run Entry'!P69) | S69: IAC | T69: CALFL-ORNG | X69: =IF('qPCR Run Entry'!U69="","",'qPCR Run Entry'!U69) | Z69: =U69-Y69 -> 0 | AA69: =IF(ISNUMBER(Y69),IF(ABS(Z69)>1.5, "FAIL", "Pass"),"") | AD69: =IF('qPCR Run Entry'!AB69="","",'qPCR Run Entry'!AB69) | AE69: =IF('qPCR Run Entry'!AC69="","",'qPCR Run Entry'!AC69) | AG69: IAC | AH69: CALFL-ORNG | AL69: =IF('qPCR Run Entry'!AJ69="","",'qPCR Run Entry'!AJ69) | AN69: =AI69-AM69 -> 0 | AO69: =IF(ISNUMBER(AM69),IF(ABS(AN69)>1.5, "FAIL", "Pass"),"")
A70: ='Sample Metadata'!D35 -> 0 | B70: =IF('qPCR Run Entry'!B70="","",'qPCR Run Entry'!B70) | C70: =IF('qPCR Run Entry'!C70="","",'qPCR Run Entry'!C70) | D70: =IF('qPCR Run Entry'!D70="","",'qPCR Run Entry'!D70) | E70: IAC | F70: CALFL-ORNG | J70: =IF('qPCR Run Entry'!J70="","",'qPCR Run Entry'!J70) | L70: =G70-K70 -> 0 | M70: =IF(ISNUMBER(K70),IF(ABS(L70)>1.5, "FAIL", "Pass"),"") | O70: =A70 -> 0 | P70: =IF('qPCR Run Entry'!O70="","",'qPCR Run Entry'!O70) | Q70: =IF('qPCR Run Entry'!P70="","",'qPCR Run Entry'!P70) | R70: =IF('qPCR Run Entry'!Q70="","",'qPCR Run Entry'!Q70) | S70: IAC | T70: CALFL-ORNG | X70: =IF('qPCR Run Entry'!U70="","",'qPCR Run Entry'!U70) | Z70: =U70-Y70 -> 0 | AA70: =IF(ISNUMBER(Y70),IF(ABS(Z70)>1.5, "FAIL", "Pass"),"") | AC70: =O70 -> 0 | AD70: =IF('qPCR Run Entry'!AB70="","",'qPCR Run Entry'!AB70) | AE70: =IF('qPCR Run Entry'!AC70="","",'qPCR Run Entry'!AC70) | AF70: =IF('qPCR Run Entry'!AD70="","",'qPCR Run Entry'!AD70) | AG70: IAC | AH70: CALFL-ORNG | AL70: =IF('qPCR Run Entry'!AJ70="","",'qPCR Run Entry'!AJ70) | AN70: =AI70-AM70 -> 0 | AO70: =IF(ISNUMBER(AM70),IF(ABS(AN70)>1.5, "FAIL", "Pass"),"")
B71: =IF('qPCR Run Entry'!B71="","",'qPCR Run Entry'!B71) | C71: =IF('qPCR Run Entry'!C71="","",'qPCR Run Entry'!C71) | E71: IAC | F71: CALFL-ORNG | J71: =IF('qPCR Run Entry'!J71="","",'qPCR Run Entry'!J71) | L71: =G71-K71 -> 0 | M71: =IF(ISNUMBER(K71),IF(ABS(L71)>1.5, "FAIL", "Pass"),"") | P71: =IF('qPCR Run Entry'!O71="","",'qPCR Run Entry'!O71) | Q71: =IF('qPCR Run Entry'!P71="","",'qPCR Run Entry'!P71) | S71: IAC | T71: CALFL-ORNG | X71: =IF('qPCR Run Entry'!U71="","",'qPCR Run Entry'!U71) | Z71: =U71-Y71 -> 0 | AA71: =IF(ISNUMBER(Y71),IF(ABS(Z71)>1.5, "FAIL", "Pass"),"") | AD71: =IF('qPCR Run Entry'!AB71="","",'qPCR Run Entry'!AB71) | AE71: =IF('qPCR Run Entry'!AC71="","",'qPCR Run Entry'!AC71) | AG71: IAC | AH71: CALFL-ORNG | AL71: =IF('qPCR Run Entry'!AJ71="","",'qPCR Run Entry'!AJ71) | AN71: =AI71-AM71 -> 0 | AO71: =IF(ISNUMBER(AM71),IF(ABS(AN71)>1.5, "FAIL", "Pass"),"")
A72: ='Sample Metadata'!D36 -> 0 | B72: =IF('qPCR Run Entry'!B72="","",'qPCR Run Entry'!B72) | C72: =IF('qPCR Run Entry'!C72="","",'qPCR Run Entry'!C72) | D72: =IF('qPCR Run Entry'!D72="","",'qPCR Run Entry'!D72) | E72: IAC | F72: CALFL-ORNG | J72: =IF('qPCR Run Entry'!J72="","",'qPCR Run Entry'!J72) | L72: =G72-K72 -> 0 | M72: =IF(ISNUMBER(K72),IF(ABS(L72)>1.5, "FAIL", "Pass"),"") | O72: =A72 -> 0 | P72: =IF('qPCR Run Entry'!O72="","",'qPCR Run Entry'!O72) | Q72: =IF('qPCR Run Entry'!P72="","",'qPCR Run Entry'!P72) | R72: =IF('qPCR Run Entry'!Q72="","",'qPCR Run Entry'!Q72) | S72: IAC | T72: CALFL-ORNG | X72: =IF('qPCR Run Entry'!U72="","",'qPCR Run Entry'!U72) | Z72: =U72-Y72 -> 0 | AA72: =IF(ISNUMBER(Y72),IF(ABS(Z72)>1.5, "FAIL", "Pass"),"") | AC72: =O72 -> 0 | AD72: =IF('qPCR Run Entry'!AB72="","",'qPCR Run Entry'!AB72) | AE72: =IF('qPCR Run Entry'!AC72="","",'qPCR Run Entry'!AC72) | AF72: =IF('qPCR Run Entry'!AD72="","",'qPCR Run Entry'!AD72) | AG72: IAC | AH72: CALFL-ORNG | AL72: =IF('qPCR Run Entry'!AJ72="","",'qPCR Run Entry'!AJ72) | AN72: =AI72-AM72 -> 0 | AO72: =IF(ISNUMBER(AM72),IF(ABS(AN72)>1.5, "FAIL", "Pass"),"")
B73: =IF('qPCR Run Entry'!B73="","",'qPCR Run Entry'!B73) | C73: =IF('qPCR Run Entry'!C73="","",'qPCR Run Entry'!C73) | E73: IAC | F73: CALFL-ORNG | J73: =IF('qPCR Run Entry'!J73="","",'qPCR Run Entry'!J73) | L73: =G73-K73 -> 0 | M73: =IF(ISNUMBER(K73),IF(ABS(L73)>1.5, "FAIL", "Pass"),"") | P73: =IF('qPCR Run Entry'!O73="","",'qPCR Run Entry'!O73) | Q73: =IF('qPCR Run Entry'!P73="","",'qPCR Run Entry'!P73) | S73: IAC | T73: CALFL-ORNG | X73: =IF('qPCR Run Entry'!U73="","",'qPCR Run Entry'!U73) | Z73: =U73-Y73 -> 0 | AA73: =IF(ISNUMBER(Y73),IF(ABS(Z73)>1.5, "FAIL", "Pass"),"") | AD73: =IF('qPCR Run Entry'!AB73="","",'qPCR Run Entry'!AB73) | AE73: =IF('qPCR Run Entry'!AC73="","",'qPCR Run Entry'!AC73) | AG73: IAC | AH73: CALFL-ORNG | AL73: =IF('qPCR Run Entry'!AJ73="","",'qPCR Run Entry'!AJ73) | AN73: =AI73-AM73 -> 0 | AO73: =IF(ISNUMBER(AM73),IF(ABS(AN73)>1.5, "FAIL", "Pass"),"")
A74: ='Sample Metadata'!D37 -> 0 | B74: =IF('qPCR Run Entry'!B74="","",'qPCR Run Entry'!B74) | C74: =IF('qPCR Run Entry'!C74="","",'qPCR Run Entry'!C74) | D74: =IF('qPCR Run Entry'!D74="","",'qPCR Run Entry'!D74) | E74: IAC | F74: CALFL-ORNG | J74: =IF('qPCR Run Entry'!J74="","",'qPCR Run Entry'!J74) | L74: =G74-K74 -> 0 | M74: =IF(ISNUMBER(K74),IF(ABS(L74)>1.5, "FAIL", "Pass"),"") | O74: =A74 -> 0 | P74: =IF('qPCR Run Entry'!O74="","",'qPCR Run Entry'!O74) | Q74: =IF('qPCR Run Entry'!P74="","",'qPCR Run Entry'!P74) | R74: =IF('qPCR Run Entry'!Q74="","",'qPCR Run Entry'!Q74) | S74: IAC | T74: CALFL-ORNG | X74: =IF('qPCR Run Entry'!U74="","",'qPCR Run Entry'!U74) | Z74: =U74-Y74 -> 0 | AA74: =IF(ISNUMBER(Y74),IF(ABS(Z74)>1.5, "FAIL", "Pass"),"") | AC74: =O74 -> 0 | AD74: =IF('qPCR Run Entry'!AB74="","",'qPCR Run Entry'!AB74) | AE74: =IF('qPCR Run Entry'!AC74="","",'qPCR Run Entry'!AC74) | AF74: =IF('qPCR Run Entry'!AD74="","",'qPCR Run Entry'!AD74) | AG74: IAC | AH74: CALFL-ORNG | AL74: =IF('qPCR Run Entry'!AJ74="","",'qPCR Run Entry'!AJ74) | AN74: =AI74-AM74 -> 0 | AO74: =IF(ISNUMBER(AM74),IF(ABS(AN74)>1.5, "FAIL", "Pass"),"")
B75: =IF('qPCR Run Entry'!B75="","",'qPCR Run Entry'!B75) | C75: =IF('qPCR Run Entry'!C75="","",'qPCR Run Entry'!C75) | E75: IAC | F75: CALFL-ORNG | J75: =IF('qPCR Run Entry'!J75="","",'qPCR Run Entry'!J75) | L75: =G75-K75 -> 0 | M75: =IF(ISNUMBER(K75),IF(ABS(L75)>1.5, "FAIL", "Pass"),"") | P75: =IF('qPCR Run Entry'!O75="","",'qPCR Run Entry'!O75) | Q75: =IF('qPCR Run Entry'!P75="","",'qPCR Run Entry'!P75) | S75: IAC | T75: CALFL-ORNG | X75: =IF('qPCR Run Entry'!U75="","",'qPCR Run Entry'!U75) | Z75: =U75-Y75 -> 0 | AA75: =IF(ISNUMBER(Y75),IF(ABS(Z75)>1.5, "FAIL", "Pass"),"") | AD75: =IF('qPCR Run Entry'!AB75="","",'qPCR Run Entry'!AB75) | AE75: =IF('qPCR Run Entry'!AC75="","",'qPCR Run Entry'!AC75) | AG75: IAC | AH75: CALFL-ORNG | AL75: =IF('qPCR Run Entry'!AJ75="","",'qPCR Run Entry'!AJ75) | AN75: =AI75-AM75 -> 0 | AO75: =IF(ISNUMBER(AM75),IF(ABS(AN75)>1.5, "FAIL", "Pass"),"")
A76: ='Sample Metadata'!D38 -> 0 | B76: =IF('qPCR Run Entry'!B76="","",'qPCR Run Entry'!B76) | C76: =IF('qPCR Run Entry'!C76="","",'qPCR Run Entry'!C76) | D76: =IF('qPCR Run Entry'!D76="","",'qPCR Run Entry'!D76) | E76: IAC | F76: CALFL-ORNG | J76: =IF('qPCR Run Entry'!J76="","",'qPCR Run Entry'!J76) | L76: =G76-K76 -> 0 | M76: =IF(ISNUMBER(K76),IF(ABS(L76)>1.5, "FAIL", "Pass"),"") | O76: =A76 -> 0 | P76: =IF('qPCR Run Entry'!O76="","",'qPCR Run Entry'!O76) | Q76: =IF('qPCR Run Entry'!P76="","",'qPCR Run Entry'!P76) | R76: =IF('qPCR Run Entry'!Q76="","",'qPCR Run Entry'!Q76) | S76: IAC | T76: CALFL-ORNG | X76: =IF('qPCR Run Entry'!U76="","",'qPCR Run Entry'!U76) | Z76: =U76-Y76 -> 0 | AA76: =IF(ISNUMBER(Y76),IF(ABS(Z76)>1.5, "FAIL", "Pass"),"") | AC76: =O76 -> 0 | AD76: =IF('qPCR Run Entry'!AB76="","",'qPCR Run Entry'!AB76) | AE76: =IF('qPCR Run Entry'!AC76="","",'qPCR Run Entry'!AC76) | AF76: =IF('qPCR Run Entry'!AD76="","",'qPCR Run Entry'!AD76) | AG76: IAC | AH76: CALFL-ORNG | AL76: =IF('qPCR Run Entry'!AJ76="","",'qPCR Run Entry'!AJ76) | AN76: =AI76-AM76 -> 0 | AO76: =IF(ISNUMBER(AM76),IF(ABS(AN76)>1.5, "FAIL", "Pass"),"")
B77: =IF('qPCR Run Entry'!B77="","",'qPCR Run Entry'!B77) | C77: =IF('qPCR Run Entry'!C77="","",'qPCR Run Entry'!C77) | E77: IAC | F77: CALFL-ORNG | J77: =IF('qPCR Run Entry'!J77="","",'qPCR Run Entry'!J77) | L77: =G77-K77 -> 0 | M77: =IF(ISNUMBER(K77),IF(ABS(L77)>1.5, "FAIL", "Pass"),"") | P77: =IF('qPCR Run Entry'!O77="","",'qPCR Run Entry'!O77) | Q77: =IF('qPCR Run Entry'!P77="","",'qPCR Run Entry'!P77) | S77: IAC | T77: CALFL-ORNG | X77: =IF('qPCR Run Entry'!U77="","",'qPCR Run Entry'!U77) | Z77: =U77-Y77 -> 0 | AA77: =IF(ISNUMBER(Y77),IF(ABS(Z77)>1.5, "FAIL", "Pass"),"") | AD77: =IF('qPCR Run Entry'!AB77="","",'qPCR Run Entry'!AB77) | AE77: =IF('qPCR Run Entry'!AC77="","",'qPCR Run Entry'!AC77) | AG77: IAC | AH77: CALFL-ORNG | AL77: =IF('qPCR Run Entry'!AJ77="","",'qPCR Run Entry'!AJ77) | AN77: =AI77-AM77 -> 0 | AO77: =IF(ISNUMBER(AM77),IF(ABS(AN77)>1.5, "FAIL", "Pass"),"")
A78: ='Sample Metadata'!D39 -> 0 | B78: =IF('qPCR Run Entry'!B78="","",'qPCR Run Entry'!B78) | C78: =IF('qPCR Run Entry'!C78="","",'qPCR Run Entry'!C78) | D78: =IF('qPCR Run Entry'!D78="","",'qPCR Run Entry'!D78) | E78: IAC | F78: CALFL-ORNG | J78: =IF('qPCR Run Entry'!J78="","",'qPCR Run Entry'!J78) | L78: =G78-K78 -> 0 | M78: =IF(ISNUMBER(K78),IF(ABS(L78)>1.5, "FAIL", "Pass"),"") | O78: =A78 -> 0 | P78: =IF('qPCR Run Entry'!O78="","",'qPCR Run Entry'!O78) | Q78: =IF('qPCR Run Entry'!P78="","",'qPCR Run Entry'!P78) | R78: =IF('qPCR Run Entry'!Q78="","",'qPCR Run Entry'!Q78) | S78: IAC | T78: CALFL-ORNG | X78: =IF('qPCR Run Entry'!U78="","",'qPCR Run Entry'!U78) | Z78: =U78-Y78 -> 0 | AA78: =IF(ISNUMBER(Y78),IF(ABS(Z78)>1.5, "FAIL", "Pass"),"") | AC78: =O78 -> 0 | AD78: =IF('qPCR Run Entry'!AB78="","",'qPCR Run Entry'!AB78) | AE78: =IF('qPCR Run Entry'!AC78="","",'qPCR Run Entry'!AC78) | AF78: =IF('qPCR Run Entry'!AD78="","",'qPCR Run Entry'!AD78) | AG78: IAC | AH78: CALFL-ORNG | AL78: =IF('qPCR Run Entry'!AJ78="","",'qPCR Run Entry'!AJ78) | AN78: =AI78-AM78 -> 0 | AO78: =IF(ISNUMBER(AM78),IF(ABS(AN78)>1.5, "FAIL", "Pass"),"")
B79: =IF('qPCR Run Entry'!B79="","",'qPCR Run Entry'!B79) | C79: =IF('qPCR Run Entry'!C79="","",'qPCR Run Entry'!C79) | E79: IAC | F79: CALFL-ORNG | J79: =IF('qPCR Run Entry'!J79="","",'qPCR Run Entry'!J79) | L79: =G79-K79 -> 0 | M79: =IF(ISNUMBER(K79),IF(ABS(L79)>1.5, "FAIL", "Pass"),"") | P79: =IF('qPCR Run Entry'!O79="","",'qPCR Run Entry'!O79) | Q79: =IF('qPCR Run Entry'!P79="","",'qPCR Run Entry'!P79) | S79: IAC | T79: CALFL-ORNG | X79: =IF('qPCR Run Entry'!U79="","",'qPCR Run Entry'!U79) | Z79: =U79-Y79 -> 0 | AA79: =IF(ISNUMBER(Y79),IF(ABS(Z79)>1.5, "FAIL", "Pass"),"") | AD79: =IF('qPCR Run Entry'!AB79="","",'qPCR Run Entry'!AB79) | AE79: =IF('qPCR Run Entry'!AC79="","",'qPCR Run Entry'!AC79) | AG79: IAC | AH79: CALFL-ORNG | AL79: =IF('qPCR Run Entry'!AJ79="","",'qPCR Run Entry'!AJ79) | AN79: =AI79-AM79 -> 0 | AO79: =IF(ISNUMBER(AM79),IF(ABS(AN79)>1.5, "FAIL", "Pass"),"")
A80: ='Sample Metadata'!D40 -> 0 | B80: =IF('qPCR Run Entry'!B80="","",'qPCR Run Entry'!B80) | C80: =IF('qPCR Run Entry'!C80="","",'qPCR Run Entry'!C80) | D80: =IF('qPCR Run Entry'!D80="","",'qPCR Run Entry'!D80) | E80: IAC | F80: CALFL-ORNG | J80: =IF('qPCR Run Entry'!J80="","",'qPCR Run Entry'!J80) | L80: =G80-K80 -> 0 | M80: =IF(ISNUMBER(K80),IF(ABS(L80)>1.5, "FAIL", "Pass"),"") | O80: =A80 -> 0 | P80: =IF('qPCR Run Entry'!O80="","",'qPCR Run Entry'!O80) | Q80: =IF('qPCR Run Entry'!P80="","",'qPCR Run Entry'!P80) | R80: =IF('qPCR Run Entry'!Q80="","",'qPCR Run Entry'!Q80) | S80: IAC | T80: CALFL-ORNG | X80: =IF('qPCR Run Entry'!U80="","",'qPCR Run Entry'!U80) | Z80: =U80-Y80 -> 0 | AA80: =IF(ISNUMBER(Y80),IF(ABS(Z80)>1.5, "FAIL", "Pass"),"") | AC80: =O80 -> 0 | AD80: =IF('qPCR Run Entry'!AB80="","",'qPCR Run Entry'!AB80) | AE80: =IF('qPCR Run Entry'!AC80="","",'qPCR Run Entry'!AC80) | AF80: =IF('qPCR Run Entry'!AD80="","",'qPCR Run Entry'!AD80) | AG80: IAC | AH80: CALFL-ORNG | AL80: =IF('qPCR Run Entry'!AJ80="","",'qPCR Run Entry'!AJ80) | AN80: =AI80-AM80 -> 0 | AO80: =IF(ISNUMBER(AM80),IF(ABS(AN80)>1.5, "FAIL", "Pass"),"")
B81: =IF('qPCR Run Entry'!B81="","",'qPCR Run Entry'!B81) | C81: =IF('qPCR Run Entry'!C81="","",'qPCR Run Entry'!C81) | E81: IAC | F81: CALFL-ORNG | J81: =IF('qPCR Run Entry'!J81="","",'qPCR Run Entry'!J81) | L81: =G81-K81 -> 0 | M81: =IF(ISNUMBER(K81),IF(ABS(L81)>1.5, "FAIL", "Pass"),"") | P81: =IF('qPCR Run Entry'!O81="","",'qPCR Run Entry'!O81) | Q81: =IF('qPCR Run Entry'!P81="","",'qPCR Run Entry'!P81) | S81: IAC | T81: CALFL-ORNG | X81: =IF('qPCR Run Entry'!U81="","",'qPCR Run Entry'!U81) | Z81: =U81-Y81 -> 0 | AA81: =IF(ISNUMBER(Y81),IF(ABS(Z81)>1.5, "FAIL", "Pass"),"") | AD81: =IF('qPCR Run Entry'!AB81="","",'qPCR Run Entry'!AB81) | AE81: =IF('qPCR Run Entry'!AC81="","",'qPCR Run Entry'!AC81) | AG81: IAC | AH81: CALFL-ORNG | AL81: =IF('qPCR Run Entry'!AJ81="","",'qPCR Run Entry'!AJ81) | AN81: =AI81-AM81 -> 0 | AO81: =IF(ISNUMBER(AM81),IF(ABS(AN81)>1.5, "FAIL", "Pass"),"")
A82: ='Sample Metadata'!D41 -> 0 | B82: =IF('qPCR Run Entry'!B82="","",'qPCR Run Entry'!B82) | C82: =IF('qPCR Run Entry'!C82="","",'qPCR Run Entry'!C82) | D82: =IF('qPCR Run Entry'!D82="","",'qPCR Run Entry'!D82) | E82: IAC | F82: CALFL-ORNG | J82: =IF('qPCR Run Entry'!J82="","",'qPCR Run Entry'!J82) | L82: =G82-K82 -> 0 | M82: =IF(ISNUMBER(K82),IF(ABS(L82)>1.5, "FAIL", "Pass"),"") | O82: =A82 -> 0 | P82: =IF('qPCR Run Entry'!O82="","",'qPCR Run Entry'!O82) | Q82: =IF('qPCR Run Entry'!P82="","",'qPCR Run Entry'!P82) | R82: =IF('qPCR Run Entry'!Q82="","",'qPCR Run Entry'!Q82) | S82: IAC | T82: CALFL-ORNG | X82: =IF('qPCR Run Entry'!U82="","",'qPCR Run Entry'!U82) | Z82: =U82-Y82 -> 0 | AA82: =IF(ISNUMBER(Y82),IF(ABS(Z82)>1.5, "FAIL", "Pass"),"") | AC82: =O82 -> 0 | AD82: =IF('qPCR Run Entry'!AB82="","",'qPCR Run Entry'!AB82) | AE82: =IF('qPCR Run Entry'!AC82="","",'qPCR Run Entry'!AC82) | AF82: =IF('qPCR Run Entry'!AD82="","",'qPCR Run Entry'!AD82) | AG82: IAC | AH82: CALFL-ORNG | AL82: =IF('qPCR Run Entry'!AJ82="","",'qPCR Run Entry'!AJ82) | AN82: =AI82-AM82 -> 0 | AO82: =IF(ISNUMBER(AM82),IF(ABS(AN82)>1.5, "FAIL", "Pass"),"")
B83: =IF('qPCR Run Entry'!B83="","",'qPCR Run Entry'!B83) | C83: =IF('qPCR Run Entry'!C83="","",'qPCR Run Entry'!C83) | E83: IAC | F83: CALFL-ORNG | J83: =IF('qPCR Run Entry'!J83="","",'qPCR Run Entry'!J83) | L83: =G83-K83 -> 0 | M83: =IF(ISNUMBER(K83),IF(ABS(L83)>1.5, "FAIL", "Pass"),"") | P83: =IF('qPCR Run Entry'!O83="","",'qPCR Run Entry'!O83) | Q83: =IF('qPCR Run Entry'!P83="","",'qPCR Run Entry'!P83) | S83: IAC | T83: CALFL-ORNG | X83: =IF('qPCR Run Entry'!U83="","",'qPCR Run Entry'!U83) | Z83: =U83-Y83 -> 0 | AA83: =IF(ISNUMBER(Y83),IF(ABS(Z83)>1.5, "FAIL", "Pass"),"") | AD83: =IF('qPCR Run Entry'!AB83="","",'qPCR Run Entry'!AB83) | AE83: =IF('qPCR Run Entry'!AC83="","",'qPCR Run Entry'!AC83) | AG83: IAC | AH83: CALFL-ORNG | AL83: =IF('qPCR Run Entry'!AJ83="","",'qPCR Run Entry'!AJ83) | AN83: =AI83-AM83 -> 0 | AO83: =IF(ISNUMBER(AM83),IF(ABS(AN83)>1.5, "FAIL", "Pass"),"")
A84: ='Sample Metadata'!D42 -> 0 | B84: =IF('qPCR Run Entry'!B84="","",'qPCR Run Entry'!B84) | C84: =IF('qPCR Run Entry'!C84="","",'qPCR Run Entry'!C84) | D84: =IF('qPCR Run Entry'!D84="","",'qPCR Run Entry'!D84) | E84: IAC | F84: CALFL-ORNG | J84: =IF('qPCR Run Entry'!J84="","",'qPCR Run Entry'!J84) | L84: =G84-K84 -> 0 | M84: =IF(ISNUMBER(K84),IF(ABS(L84)>1.5, "FAIL", "Pass"),"") | O84: =A84 -> 0 | P84: =IF('qPCR Run Entry'!O84="","",'qPCR Run Entry'!O84) | Q84: =IF('qPCR Run Entry'!P84="","",'qPCR Run Entry'!P84) | R84: =IF('qPCR Run Entry'!Q84="","",'qPCR Run Entry'!Q84) | S84: IAC | T84: CALFL-ORNG | X84: =IF('qPCR Run Entry'!U84="","",'qPCR Run Entry'!U84) | Z84: =U84-Y84 -> 0 | AA84: =IF(ISNUMBER(Y84),IF(ABS(Z84)>1.5, "FAIL", "Pass"),"") | AC84: =O84 -> 0 | AD84: =IF('qPCR Run Entry'!AB84="","",'qPCR Run Entry'!AB84) | AE84: =IF('qPCR Run Entry'!AC84="","",'qPCR Run Entry'!AC84) | AF84: =IF('qPCR Run Entry'!AD84="","",'qPCR Run Entry'!AD84) | AG84: IAC | AH84: CALFL-ORNG | AL84: =IF('qPCR Run Entry'!AJ84="","",'qPCR Run Entry'!AJ84) | AN84: =AI84-AM84 -> 0 | AO84: =IF(ISNUMBER(AM84),IF(ABS(AN84)>1.5, "FAIL", "Pass"),"")
B85: =IF('qPCR Run Entry'!B85="","",'qPCR Run Entry'!B85) | C85: =IF('qPCR Run Entry'!C85="","",'qPCR Run Entry'!C85) | E85: IAC | F85: CALFL-ORNG | J85: =IF('qPCR Run Entry'!J85="","",'qPCR Run Entry'!J85) | L85: =G85-K85 -> 0 | M85: =IF(ISNUMBER(K85),IF(ABS(L85)>1.5, "FAIL", "Pass"),"") | P85: =IF('qPCR Run Entry'!O85="","",'qPCR Run Entry'!O85) | Q85: =IF('qPCR Run Entry'!P85="","",'qPCR Run Entry'!P85) | S85: IAC | T85: CALFL-ORNG | X85: =IF('qPCR Run Entry'!U85="","",'qPCR Run Entry'!U85) | Z85: =U85-Y85 -> 0 | AA85: =IF(ISNUMBER(Y85),IF(ABS(Z85)>1.5, "FAIL", "Pass"),"") | AD85: =IF('qPCR Run Entry'!AB85="","",'qPCR Run Entry'!AB85) | AE85: =IF('qPCR Run Entry'!AC85="","",'qPCR Run Entry'!AC85) | AG85: IAC | AH85: CALFL-ORNG | AL85: =IF('qPCR Run Entry'!AJ85="","",'qPCR Run Entry'!AJ85) | AN85: =AI85-AM85 -> 0 | AO85: =IF(ISNUMBER(AM85),IF(ABS(AN85)>1.5, "FAIL", "Pass"),"")
A86: ='Sample Metadata'!D43 -> 0 | B86: =IF('qPCR Run Entry'!B86="","",'qPCR Run Entry'!B86) | C86: =IF('qPCR Run Entry'!C86="","",'qPCR Run Entry'!C86) | D86: =IF('qPCR Run Entry'!D86="","",'qPCR Run Entry'!D86) | E86: IAC | F86: CALFL-ORNG | J86: =IF('qPCR Run Entry'!J86="","",'qPCR Run Entry'!J86) | L86: =G86-K86 -> 0 | M86: =IF(ISNUMBER(K86),IF(ABS(L86)>1.5, "FAIL", "Pass"),"") | O86: =A86 -> 0 | P86: =IF('qPCR Run Entry'!O86="","",'qPCR Run Entry'!O86) | Q86: =IF('qPCR Run Entry'!P86="","",'qPCR Run Entry'!P86) | R86: =IF('qPCR Run Entry'!Q86="","",'qPCR Run Entry'!Q86) | S86: IAC | T86: CALFL-ORNG | X86: =IF('qPCR Run Entry'!U86="","",'qPCR Run Entry'!U86) | Z86: =U86-Y86 -> 0 | AA86: =IF(ISNUMBER(Y86),IF(ABS(Z86)>1.5, "FAIL", "Pass"),"") | AC86: =O86 -> 0 | AD86: =IF('qPCR Run Entry'!AB86="","",'qPCR Run Entry'!AB86) | AE86: =IF('qPCR Run Entry'!AC86="","",'qPCR Run Entry'!AC86) | AF86: =IF('qPCR Run Entry'!AD86="","",'qPCR Run Entry'!AD86) | AG86: IAC | AH86: CALFL-ORNG | AL86: =IF('qPCR Run Entry'!AJ86="","",'qPCR Run Entry'!AJ86) | AN86: =AI86-AM86 -> 0 | AO86: =IF(ISNUMBER(AM86),IF(ABS(AN86)>1.5, "FAIL", "Pass"),"")
B87: =IF('qPCR Run Entry'!B87="","",'qPCR Run Entry'!B87) | C87: =IF('qPCR Run Entry'!C87="","",'qPCR Run Entry'!C87) | E87: IAC | F87: CALFL-ORNG | J87: =IF('qPCR Run Entry'!J87="","",'qPCR Run Entry'!J87) | L87: =G87-K87 -> 0 | M87: =IF(ISNUMBER(K87),IF(ABS(L87)>1.5, "FAIL", "Pass"),"") | P87: =IF('qPCR Run Entry'!O87="","",'qPCR Run Entry'!O87) | Q87: =IF('qPCR Run Entry'!P87="","",'qPCR Run Entry'!P87) | S87: IAC | T87: CALFL-ORNG | X87: =IF('qPCR Run Entry'!U87="","",'qPCR Run Entry'!U87) | Z87: =U87-Y87 -> 0 | AA87: =IF(ISNUMBER(Y87),IF(ABS(Z87)>1.5, "FAIL", "Pass"),"") | AD87: =IF('qPCR Run Entry'!AB87="","",'qPCR Run Entry'!AB87) | AE87: =IF('qPCR Run Entry'!AC87="","",'qPCR Run Entry'!AC87) | AG87: IAC | AH87: CALFL-ORNG | AL87: =IF('qPCR Run Entry'!AJ87="","",'qPCR Run Entry'!AJ87) | AN87: =AI87-AM87 -> 0 | AO87: =IF(ISNUMBER(AM87),IF(ABS(AN87)>1.5, "FAIL", "Pass"),"")
M88: =IF(ISNUMBER(K88),IF(ABS(L88)>1.5, "FAIL", "Pass"),"") | AA88: =IF(ISNUMBER(Y88),IF(ABS(Z88)>1.5, "FAIL", "Pass"),"") | AO88: =IF(ISNUMBER(AM88),IF(ABS(AN88)>1.5, "FAIL", "Pass"),"")
M89: =IF(ISNUMBER(K89),IF(ABS(L89)>1.5, "FAIL", "Pass"),"") | AA89: =IF(ISNUMBER(Y89),IF(ABS(Z89)>1.5, "FAIL", "Pass"),"") | AO89: =IF(ISNUMBER(AM89),IF(ABS(AN89)>1.5, "FAIL", "Pass"),"")
M90: =IF(ISNUMBER(K90),IF(ABS(L90)>1.5, "FAIL", "Pass"),"") | AA90: =IF(ISNUMBER(Y90),IF(ABS(Z90)>1.5, "FAIL", "Pass"),"") | AO90: =IF(ISNUMBER(AM90),IF(ABS(AN90)>1.5, "FAIL", "Pass"),"")
M91: =IF(ISNUMBER(K91),IF(ABS(L91)>1.5, "FAIL", "Pass"),"") | AA91: =IF(ISNUMBER(Y91),IF(ABS(Z91)>1.5, "FAIL", "Pass"),"") | AO91: =IF(ISNUMBER(AM91),IF(ABS(AN91)>1.5, "FAIL", "Pass"),"")
M92: =IF(ISNUMBER(K92),IF(ABS(L92)>1.5, "FAIL", "Pass"),"") | AA92: =IF(ISNUMBER(Y92),IF(ABS(Z92)>1.5, "FAIL", "Pass"),"") | AO92: =IF(ISNUMBER(AM92),IF(ABS(AN92)>1.5, "FAIL", "Pass"),"")
M93: =IF(ISNUMBER(K93),IF(ABS(L93)>1.5, "FAIL", "Pass"),"") | AA93: =IF(ISNUMBER(Y93),IF(ABS(Z93)>1.5, "FAIL", "Pass"),"") | AO93: =IF(ISNUMBER(AM93),IF(ABS(AN93)>1.5, "FAIL", "Pass"),"")
M94: =IF(ISNUMBER(K94),IF(ABS(L94)>1.5, "FAIL", "Pass"),"") | AA94: =IF(ISNUMBER(Y94),IF(ABS(Z94)>1.5, "FAIL", "Pass"),"") | AO94: =IF(ISNUMBER(AM94),IF(ABS(AN94)>1.5, "FAIL", "Pass"),"")
M95: =IF(ISNUMBER(K95),IF(ABS(L95)>1.5, "FAIL", "Pass"),"") | AA95: =IF(ISNUMBER(Y95),IF(ABS(Z95)>1.5, "FAIL", "Pass"),"") | AO95: =IF(ISNUMBER(AM95),IF(ABS(AN95)>1.5, "FAIL", "Pass"),"")
M96: =IF(ISNUMBER(K96),IF(ABS(L96)>1.5, "FAIL", "Pass"),"") | AA96: =IF(ISNUMBER(Y96),IF(ABS(Z96)>1.5, "FAIL", "Pass"),"") | AO96: =IF(ISNUMBER(AM96),IF(ABS(AN96)>1.5, "FAIL", "Pass"),"")
M97: =IF(ISNUMBER(K97),IF(ABS(L97)>1.5, "FAIL", "Pass"),"") | AA97: =IF(ISNUMBER(Y97),IF(ABS(Z97)>1.5, "FAIL", "Pass"),"") | AO97: =IF(ISNUMBER(AM97),IF(ABS(AN97)>1.5, "FAIL", "Pass"),"")
M98: =IF(ISNUMBER(K98),IF(ABS(L98)>1.5, "FAIL", "Pass"),"") | AA98: =IF(ISNUMBER(Y98),IF(ABS(Z98)>1.5, "FAIL", "Pass"),"") | AO98: =IF(ISNUMBER(AM98),IF(ABS(AN98)>1.5, "FAIL", "Pass"),"")
M99: =IF(ISNUMBER(K99),IF(ABS(L99)>1.5, "FAIL", "Pass"),"") | AA99: =IF(ISNUMBER(Y99),IF(ABS(Z99)>1.5, "FAIL", "Pass"),"") | AO99: =IF(ISNUMBER(AM99),IF(ABS(AN99)>1.5, "FAIL", "Pass"),"")
... M200: =IF(ISNUMBER(K200),IF(ABS(L200)>1.5, "FAIL", "Pass"),"") | AA200: =IF(ISNUMBER(Y200),IF(ABS(Z200)>1.5, "FAIL", "Pass"),"") | AO200: =IF(ISNUMBER(AM200),IF(ABS(AN200)>1.5, "FAIL", "Pass"),"")

Sheet Sample Calculation
B1: Raw Results | E1: Select with "X" | H1: Copies Per Reaction
A2: Sample ID | B2: Ct 1st run | C2: Ct 2nd run | D2: Ct 3rd run | E2: Ct 1st run | F2: Ct 2nd run | G2: Ct 3rd run | H2: Assay Calculate Copies Per Reaction (CPR) - Without Dilution Factor | I2: Average CPR for Results | J2: Stdev CPR for Results | K2: Average CPR | L2: STDEV CPR | M2: RSD | N2: Test 8 | O2: Test 9 | P2: Test 10 | Q2: Test 11
A3: ='Sample Metadata'!D2 -> 0 | B3: =IF(ISNUMBER('qPCR Run Entry'!G4),'qPCR Run Entry'!G4,"") | C3: =IF(ISNUMBER('qPCR Run Entry'!R4),'qPCR Run Entry'!R4,"") | D3: =IF(ISNUMBER('qPCR Run Entry'!AC4),'qPCR Run Entry'!AC4,"") | E3: X | H3: =IF(E3="X",10^((B3-'Standard Curve'!$B$20)/'Standard Curve'!$B$19),IF(F3="X",10^((C3-'Standard Curve'!$B$20)/'Standard Curve'!$B$19),IF(G3="X",10^((D3-'Standard Curve'!$B$20)/'Standard Curve'!$B$19),""))) -> #VALUE! | I3: =AVERAGE(H3:H4) -> #VALUE! | J3: =STDEV(H3:H4) -> #VALUE! | K3: =AVERAGE(H3:H4) -> #VALUE! | L3: =STDEV(H3:H4) -> #VALUE! | M3: =L3/K3 -> #VALUE! | N3: =IF(M3<40%, "Pass","Fail") -> #VALUE! | O3: =IF(OR(B3 <'Outlier Check'!$L$2, B4 <'Outlier Check'!$L$2, C3 <'Outlier Check'!$L$2, C4 <'Outlier Check'!$L$2, D3 <'Outlier Check'!$L$2, D4 <'Outlier Check'!$L$2), "Fail", "Pass") -> Pass | P3: =IF(AND(H3>=45, H4>=45), "Pass", "Fail") -> #VALUE! | Q3: =IF(AND(H3>=100, H4>=100), "Pass", "Fail") -> #VALUE!
B4: =IF(ISNUMBER('qPCR Run Entry'!G5),'qPCR Run Entry'!G5,"") | C4: =IF(ISNUMBER('qPCR Run Entry'!R5),'qPCR Run Entry'!R5,"") | D4: =IF(ISNUMBER('qPCR Run Entry'!AC5),'qPCR Run Entry'!AC5,"") | E4: X | H4: =IF(E4="X",10^((B4-'Standard Curve'!$B$20)/'Standard Curve'!$B$19),IF(F4="X",10^((C4-'Standard Curve'!$B$20)/'Standard Curve'!$B$19),IF(G4="X",10^((D4-'Standard Curve'!$B$20)/'Standard Curve'!$B$19),""))) -> #VALUE! | I4: =AVERAGE(H3:H4) -> #VALUE! | J4: =STDEV(H3:H4) -> #VALUE!
A5: ='Sample Metadata'!D3 -> 0 | B5: =IF(ISNUMBER('qPCR Run Entry'!G6),'qPCR Run Entry'!G6,"") | C5: =IF(ISNUMBER('qPCR Run Entry'!R6),'qPCR Run Entry'!R6,"") | D5: =IF(ISNUMBER('qPCR Run Entry'!AC6),'qPCR Run Entry'!AC6,"") | E5: X | H5: =IF(E5="X",10^((B5-'Standard Curve'!$B$20)/'Standard Curve'!$B$19),IF(F5="X",10^((C5-'Standard Curve'!$B$20)/'Standard Curve'!$B$19),IF(G5="X",10^((D5-'Standard Curve'!$B$20)/'Standard Curve'!$B$19),""))) -> #VALUE! | I5: =AVERAGE(H5:H6) -> #VALUE! | J5: =STDEV(H5:H6) -> #VALUE! | K5: =AVERAGE(H5:H6) -> #VALUE! | L5: =STDEV(H5:H6) -> #VALUE! | M5: =L5/K5 -> #VALUE! | N5: =IF(M5<40%, "Pass","Fail") -> #VALUE! | O5: =IF(OR(B5 <'Outlier Check'!$L$2, B6 <'Outlier Check'!$L$2, C5 <'Outlier Check'!$L$2, C6 <'Outlier Check'!$L$2, D5 <'Outlier Check'!$L$2, D6 <'Outlier Check'!$L$2), "Fail", "Pass") -> Pass | P5: =IF(AND(H5>=45, H6>=45), "Pass", "Fail") -> #VALUE! | Q5: =IF(AND(H5>=100, H6>=100), "Pass", "Fail") -> #VALUE!
B6: =IF(ISNUMBER('qPCR Run Entry'!G7),'qPCR Run Entry'!G7,"") | C6: =IF(ISNUMBER('qPCR Run Entry'!R7),'qPCR Run Entry'!R7,"") | D6: =IF(ISNUMBER('qPCR Run Entry'!AC7),'qPCR Run Entry'!AC7,"") | E6: X | H6: =IF(E6="X",10^((B6-'Standard Curve'!$B$20)/'Standard Curve'!$B$19),IF(F6="X",10^((C6-'Standard Curve'!$B$20)/'Standard Curve'!$B$19),IF(G6="X",10^((D6-'Standard Curve'!$B$20)/'Standard Curve'!$B$19),""))) -> #VALUE! | I6: =AVERAGE(H5:H6) -> #VALUE! | J6: =STDEV(H5:H6) -> #VALUE!
A7: ='Sample Metadata'!D4 -> 0 | B7: =IF(ISNUMBER('qPCR Run Entry'!G8),'qPCR Run Entry'!G8,"") | C7: =IF(ISNUMBER('qPCR Run Entry'!R8),'qPCR Run Entry'!R8,"") | D7: =IF(ISNUMBER('qPCR Run Entry'!AC8),'qPCR Run Entry'!AC8,"") | E7: X | H7: =IF(E7="X",10^((B7-'Standard Curve'!$B$20)/'Standard Curve'!$B$19),IF(F7="X",10^((C7-'Standard Curve'!$B$20)/'Standard Curve'!$B$19),IF(G7="X",10^((D7-'Standard Curve'!$B$20)/'Standard Curve'!$B$19),""))) -> #VALUE! | I7: =AVERAGE(H7:H8) -> #VALUE! | J7: =STDEV(H7:H8) -> #VALUE! | K7: =AVERAGE(H7:H8) -> #VALUE! | L7: =STDEV(H7:H8) -> #VALUE! | M7: =L7/K7 -> #VALUE! | N7: =IF(M7<40%, "Pass","Fail") -> #VALUE! | O7: =IF(OR(B7 <'Outlier Check'!$L$2, B8 <'Outlier Check'!$L$2, C7 <'Outlier Check'!$L$2, C8 <'Outlier Check'!$L$2, D7 <'Outlier Check'!$L$2, D8 <'Outlier Check'!$L$2), "Fail", "Pass") -> Pass | P7: =IF(AND(H7>=45, H8>=45), "Pass", "Fail") -> #VALUE! | Q7: =IF(AND(H7>=100, H8>=100), "Pass", "Fail") -> #VALUE!
B8: =IF(ISNUMBER('qPCR Run Entry'!G9),'qPCR Run Entry'!G9,"") | C8: =IF(ISNUMBER('qPCR Run Entry'!R9),'qPCR Run Entry'!R9,"") | D8: =IF(ISNUMBER('qPCR Run Entry'!AC9),'qPCR Run Entry'!AC9,"") | E8: X | H8: =IF(E8="X",10^((B8-'Standard Curve'!$B$20)/'Standard Curve'!$B$19),IF(F8="X",10^((C8-'Standard Curve'!$B$20)/'Standard Curve'!$B$19),IF(G8="X",10^((D8-'Standard Curve'!$B$20)/'Standard Curve'!$B$19),""))) -> #VALUE! | I8: =AVERAGE(H7:H8) -> #VALUE! | J8: =STDEV(H7:H8) -> #VALUE!
A9: ='Sample Metadata'!D5 -> 0 | B9: =IF(ISNUMBER('qPCR Run Entry'!G10),'qPCR Run Entry'!G10,"") | C9: =IF(ISNUMBER('qPCR Run Entry'!R10),'qPCR Run Entry'!R10,"") | D9: =IF(ISNUMBER('qPCR Run Entry'!AC10),'qPCR Run Entry'!AC10,"") | E9: X | H9: =IF(E9="X",10^((B9-'Standard Curve'!$B$20)/'Standard Curve'!$B$19),IF(F9="X",10^((C9-'Standard Curve'!$B$20)/'Standard Curve'!$B$19),IF(G9="X",10^((D9-'Standard Curve'!$B$20)/'Standard Curve'!$B$19),""))) -> #VALUE! | I9: =AVERAGE(H9:H10) -> #VALUE! | J9: =STDEV(H9:H10) -> #VALUE! | K9: =AVERAGE(H9:H10) -> #VALUE! | L9: =STDEV(H9:H10) -> #VALUE! | M9: =L9/K9 -> #VALUE! | N9: =IF(M9<40%, "Pass","Fail") -> #VALUE! | O9: =IF(OR(B9 <'Outlier Check'!$L$2, B10 <'Outlier Check'!$L$2, C9 <'Outlier Check'!$L$2, C10 <'Outlier Check'!$L$2, D9 <'Outlier Check'!$L$2, D10 <'Outlier Check'!$L$2), "Fail", "Pass") -> Pass | P9: =IF(AND(H9>=45, H10>=45), "Pass", "Fail") -> #VALUE! | Q9: =IF(AND(H9>=100, H10>=100), "Pass", "Fail") -> #VALUE!
B10: =IF(ISNUMBER('qPCR Run Entry'!G11),'qPCR Run Entry'!G11,"") | C10: =IF(ISNUMBER('qPCR Run Entry'!R11),'qPCR Run Entry'!R11,"") | D10: =IF(ISNUMBER('qPCR Run Entry'!AC11),'qPCR Run Entry'!AC11,"") | E10: X | H10: =IF(E10="X",10^((B10-'Standard Curve'!$B$20)/'Standard Curve'!$B$19),IF(F10="X",10^((C10-'Standard Curve'!$B$20)/'Standard Curve'!$B$19),IF(G10="X",10^((D10-'Standard Curve'!$B$20)/'Standard Curve'!$B$19),""))) -> #VALUE! | I10: =AVERAGE(H9:H10) -> #VALUE! | J10: =STDEV(H9:H10) -> #VALUE!
A11: ='Sample Metadata'!D6 -> 0 | B11: =IF(ISNUMBER('qPCR Run Entry'!G12),'qPCR Run Entry'!G12,"") | C11: =IF(ISNUMBER('qPCR Run Entry'!R12),'qPCR Run Entry'!R12,"") | D11: =IF(ISNUMBER('qPCR Run Entry'!AC12),'qPCR Run Entry'!AC12,"") | E11: X | H11: =IF(E11="X",10^((B11-'Standard Curve'!$B$20)/'Standard Curve'!$B$19),IF(F11="X",10^((C11-'Standard Curve'!$B$20)/'Standard Curve'!$B$19),IF(G11="X",10^((D11-'Standard Curve'!$B$20)/'Standard Curve'!$B$19),""))) -> #VALUE! | I11: =AVERAGE(H11:H12) -> #VALUE! | J11: =STDEV(H11:H12) -> #VALUE! | K11: =AVERAGE(H11:H12) -> #VALUE! | L11: =STDEV(H11:H12) -> #VALUE! | M11: =L11/K11 -> #VALUE! | N11: =IF(M11<40%, "Pass","Fail") -> #VALUE! | O11: =IF(OR(B11 <'Outlier Check'!$L$2, B12 <'Outlier Check'!$L$2, C11 <'Outlier Check'!$L$2, C12 <'Outlier Check'!$L$2, D11 <'Outlier Check'!$L$2, D12 <'Outlier Check'!$L$2), "Fail", "Pass") -> Pass | P11: =IF(AND(H11>=45, H12>=45), "Pass", "Fail") -> #VALUE! | Q11: =IF(AND(H11>=100, H12>=100), "Pass", "Fail") -> #VALUE!
B12: =IF(ISNUMBER('qPCR Run Entry'!G13),'qPCR Run Entry'!G13,"") | C12: =IF(ISNUMBER('qPCR Run Entry'!R13),'qPCR Run Entry'!R13,"") | D12: =IF(ISNUMBER('qPCR Run Entry'!AC13),'qPCR Run Entry'!AC13,"") | E12: X | H12: =IF(E12="X",10^((B12-'Standard Curve'!$B$20)/'Standard Curve'!$B$19),IF(F12="X",10^((C12-'Standard Curve'!$B$20)/'Standard Curve'!$B$19),IF(G12="X",10^((D12-'Standard Curve'!$B$20)/'Standard Curve'!$B$19),""))) -> #VALUE! | I12: =AVERAGE(H11:H12) -> #VALUE! | J12: =STDEV(H11:H12) -> #VALUE!
A13: ='Sample Metadata'!D7 -> 0 | B13: =IF(ISNUMBER('qPCR Run Entry'!G14),'qPCR Run Entry'!G14,"") | C13: =IF(ISNUMBER('qPCR Run Entry'!R14),'qPCR Run Entry'!R14,"") | D13: =IF(ISNUMBER('qPCR Run Entry'!AC14),'qPCR Run Entry'!AC14,"") | E13: X | H13: =IF(E13="X",10^((B13-'Standard Curve'!$B$20)/'Standard Curve'!$B$19),IF(F13="X",10^((C13-'Standard Curve'!$B$20)/'Standard Curve'!$B$19),IF(G13="X",10^((D13-'Standard Curve'!$B$20)/'Standard Curve'!$B$19),""))) -> #VALUE! | I13: =AVERAGE(H13:H14) -> #VALUE! | J13: =STDEV(H13:H14) -> #VALUE! | K13: =AVERAGE(H13:H14) -> #VALUE! | L13: =STDEV(H13:H14) -> #VALUE! | M13: =L13/K13 -> #VALUE! | N13: =IF(M13<40%, "Pass","Fail") -> #VALUE! | O13: =IF(OR(B13 <'Outlier Check'!$L$2, B14 <'Outlier Check'!$L$2, C13 <'Outlier Check'!$L$2, C14 <'Outlier Check'!$L$2, D13 <'Outlier Check'!$L$2, D14 <'Outlier Check'!$L$2), "Fail", "Pass") -> Pass | P13: =IF(AND(H13>=45, H14>=45), "Pass", "Fail") -> #VALUE! | Q13: =IF(AND(H13>=100, H14>=100), "Pass", "Fail") -> #VALUE!
B14: =IF(ISNUMBER('qPCR Run Entry'!G15),'qPCR Run Entry'!G15,"") | C14: =IF(ISNUMBER('qPCR Run Entry'!R15),'qPCR Run Entry'!R15,"") | D14: =IF(ISNUMBER('qPCR Run Entry'!AC15),'qPCR Run Entry'!AC15,"") | E14: X | H14: =IF(E14="X",10^((B14-'Standard Curve'!$B$20)/'Standard Curve'!$B$19),IF(F14="X",10^((C14-'Standard Curve'!$B$20)/'Standard Curve'!$B$19),IF(G14="X",10^((D14-'Standard Curve'!$B$20)/'Standard Curve'!$B$19),""))) -> #VALUE! | I14: =AVERAGE(H13:H14) -> #VALUE! | J14: =STDEV(H13:H14) -> #VALUE!
A15: ='Sample Metadata'!D8 -> 0 | B15: =IF(ISNUMBER('qPCR Run Entry'!G16),'qPCR Run Entry'!G16,"") | C15: =IF(ISNUMBER('qPCR Run Entry'!R16),'qPCR Run Entry'!R16,"") | D15: =IF(ISNUMBER('qPCR Run Entry'!AC16),'qPCR Run Entry'!AC16,"") | E15: X | H15: =IF(E15="X",10^((B15-'Standard Curve'!$B$20)/'Standard Curve'!$B$19),IF(F15="X",10^((C15-'Standard Curve'!$B$20)/'Standard Curve'!$B$19),IF(G15="X",10^((D15-'Standard Curve'!$B$20)/'Standard Curve'!$B$19),""))) -> #VALUE! | I15: =AVERAGE(H15:H16) -> #VALUE! | J15: =STDEV(H15:H16) -> #VALUE! | K15: =AVERAGE(H15:H16) -> #VALUE! | L15: =STDEV(H15:H16) -> #VALUE! | M15: =L15/K15 -> #VALUE! | N15: =IF(M15<40%, "Pass","Fail") -> #VALUE! | O15: =IF(OR(B15 <'Outlier Check'!$L$2, B16 <'Outlier Check'!$L$2, C15 <'Outlier Check'!$L$2, C16 <'Outlier Check'!$L$2, D15 <'Outlier Check'!$L$2, D16 <'Outlier Check'!$L$2), "Fail", "Pass") -> Pass | P15: =IF(AND(H15>=45, H16>=45), "Pass", "Fail") -> #VALUE! | Q15: =IF(AND(H15>=100, H16>=100), "Pass", "Fail") -> #VALUE!
B16: =IF(ISNUMBER('qPCR Run Entry'!G17),'qPCR Run Entry'!G17,"") | C16: =IF(ISNUMBER('qPCR Run Entry'!R17),'qPCR Run Entry'!R17,"") | D16: =IF(ISNUMBER('qPCR Run Entry'!AC17),'qPCR Run Entry'!AC17,"") | E16: X | H16: =IF(E16="X",10^((B16-'Standard Curve'!$B$20)/'Standard Curve'!$B$19),IF(F16="X",10^((C16-'Standard Curve'!$B$20)/'Standard Curve'!$B$19),IF(G16="X",10^((D16-'Standard Curve'!$B$20)/'Standard Curve'!$B$19),""))) -> #VALUE! | I16: =AVERAGE(H15:H16) -> #VALUE! | J16: =STDEV(H15:H16) -> #VALUE!
A17: ='Sample Metadata'!D9 -> 0 | B17: =IF(ISNUMBER('qPCR Run Entry'!G18),'qPCR Run Entry'!G18,"") | C17: =IF(ISNUMBER('qPCR Run Entry'!R18),'qPCR Run Entry'!R18,"") | D17: =IF(ISNUMBER('qPCR Run Entry'!AC18),'qPCR Run Entry'!AC18,"") | E17: X | H17: =IF(E17="X",10^((B17-'Standard Curve'!$B$20)/'Standard Curve'!$B$19),IF(F17="X",10^((C17-'Standard Curve'!$B$20)/'Standard Curve'!$B$19),IF(G17="X",10^((D17-'Standard Curve'!$B$20)/'Standard Curve'!$B$19),""))) -> #VALUE! | I17: =AVERAGE(H17:H18) -> #VALUE! | J17: =STDEV(H17:H18) -> #VALUE! | K17: =AVERAGE(H17:H18) -> #VALUE! | L17: =STDEV(H17:H18) -> #VALUE! | M17: =L17/K17 -> #VALUE! | N17: =IF(M17<40%, "Pass","Fail") -> #VALUE! | O17: =IF(OR(B17 <'Outlier Check'!$L$2, B18 <'Outlier Check'!$L$2, C17 <'Outlier Check'!$L$2, C18 <'Outlier Check'!$L$2, D17 <'Outlier Check'!$L$2, D18 <'Outlier Check'!$L$2), "Fail", "Pass") -> Pass | P17: =IF(AND(H17>=45, H18>=45), "Pass", "Fail") -> #VALUE! | Q17: =IF(AND(H17>=100, H18>=100), "Pass", "Fail") -> #VALUE!
B18: =IF(ISNUMBER('qPCR Run Entry'!G19),'qPCR Run Entry'!G19,"") | C18: =IF(ISNUMBER('qPCR Run Entry'!R19),'qPCR Run Entry'!R19,"") | D18: =IF(ISNUMBER('qPCR Run Entry'!AC19),'qPCR Run Entry'!AC19,"") | E18: X | H18: =IF(E18="X",10^((B18-'Standard Curve'!$B$20)/'Standard Curve'!$B$19),IF(F18="X",10^((C18-'Standard Curve'!$B$20)/'Standard Curve'!$B$19),IF(G18="X",10^((D18-'Standard Curve'!$B$20)/'Standard Curve'!$B$19),""))) -> #VALUE! | I18: =AVERAGE(H17:H18) -> #VALUE! | J18: =STDEV(H17:H18) -> #VALUE!
A19: ='Sample Metadata'!D10 -> 0 | B19: =IF(ISNUMBER('qPCR Run Entry'!G20),'qPCR Run Entry'!G20,"") | C19: =IF(ISNUMBER('qPCR Run Entry'!R20),'qPCR Run Entry'!R20,"") | D19: =IF(ISNUMBER('qPCR Run Entry'!AC20),'qPCR Run Entry'!AC20,"") | E19: X | H19: =IF(E19="X",10^((B19-'Standard Curve'!$B$20)/'Standard Curve'!$B$19),IF(F19="X",10^((C19-'Standard Curve'!$B$20)/'Standard Curve'!$B$19),IF(G19="X",10^((D19-'Standard Curve'!$B$20)/'Standard Curve'!$B$19),""))) -> #VALUE! | I19: =AVERAGE(H19:H20) -> #VALUE! | J19: =STDEV(H19:H20) -> #VALUE! | K19: =AVERAGE(H19:H20) -> #VALUE! | L19: =STDEV(H19:H20) -> #VALUE! | M19: =L19/K19 -> #VALUE! | N19: =IF(M19<40%, "Pass","Fail") -> #VALUE! | O19: =IF(OR(B19 <'Outlier Check'!$L$2, B20 <'Outlier Check'!$L$2, C19 <'Outlier Check'!$L$2, C20 <'Outlier Check'!$L$2, D19 <'Outlier Check'!$L$2, D20 <'Outlier Check'!$L$2), "Fail", "Pass") -> Pass | P19: =IF(AND(H19>=45, H20>=45), "Pass", "Fail") -> #VALUE! | Q19: =IF(AND(H19>=100, H20>=100), "Pass", "Fail") -> #VALUE!
B20: =IF(ISNUMBER('qPCR Run Entry'!G21),'qPCR Run Entry'!G21,"") | C20: =IF(ISNUMBER('qPCR Run Entry'!R21),'qPCR Run Entry'!R21,"") | D20: =IF(ISNUMBER('qPCR Run Entry'!AC21),'qPCR Run Entry'!AC21,"") | E20: X | H20: =IF(E20="X",10^((B20-'Standard Curve'!$B$20)/'Standard Curve'!$B$19),IF(F20="X",10^((C20-'Standard Curve'!$B$20)/'Standard Curve'!$B$19),IF(G20="X",10^((D20-'Standard Curve'!$B$20)/'Standard Curve'!$B$19),""))) -> #VALUE! | I20: =AVERAGE(H19:H20) -> #VALUE! | J20: =STDEV(H19:H20) -> #VALUE!
A21: ='Sample Metadata'!D11 -> 0 | B21: =IF(ISNUMBER('qPCR Run Entry'!G22),'qPCR Run Entry'!G22,"") | C21: =IF(ISNUMBER('qPCR Run Entry'!R22),'qPCR Run Entry'!R22,"") | D21: =IF(ISNUMBER('qPCR Run Entry'!AC22),'qPCR Run Entry'!AC22,"") | E21: X | H21: =IF(E21="X",10^((B21-'Standard Curve'!$B$20)/'Standard Curve'!$B$19),IF(F21="X",10^((C21-'Standard Curve'!$B$20)/'Standard Curve'!$B$19),IF(G21="X",10^((D21-'Standard Curve'!$B$20)/'Standard Curve'!$B$19),""))) -> #VALUE! | I21: =AVERAGE(H21:H22) -> #VALUE! | J21: =STDEV(H21:H22) -> #VALUE! | K21: =AVERAGE(H21:H22) -> #VALUE! | L21: =STDEV(H21:H22) -> #VALUE! | M21: =L21/K21 -> #VALUE! | N21: =IF(M21<40%, "Pass","Fail") -> #VALUE! | O21: =IF(OR(B21 <'Outlier Check'!$L$2, B22 <'Outlier Check'!$L$2, C21 <'Outlier Check'!$L$2, C22 <'Outlier Check'!$L$2, D21 <'Outlier Check'!$L$2, D22 <'Outlier Check'!$L$2), "Fail", "Pass") -> Pass | P21: =IF(AND(H21>=45, H22>=45), "Pass", "Fail") -> #VALUE! | Q21: =IF(AND(H21>=100, H22>=100), "Pass", "Fail") -> #VALUE!
B22: =IF(ISNUMBER('qPCR Run Entry'!G23),'qPCR Run Entry'!G23,"") | C22: =IF(ISNUMBER('qPCR Run Entry'!R23),'qPCR Run Entry'!R23,"") | D22: =IF(ISNUMBER('qPCR Run Entry'!AC23),'qPCR Run Entry'!AC23,"") | E22: X | H22: =IF(E22="X",10^((B22-'Standard Curve'!$B$20)/'Standard Curve'!$B$19),IF(F22="X",10^((C22-'Standard Curve'!$B$20)/'Standard Curve'!$B$19),IF(G22="X",10^((D22-'Standard Curve'!$B$20)/'Standard Curve'!$B$19),""))) -> #VALUE! | I22: =AVERAGE(H21:H22) -> #VALUE! | J22: =STDEV(H21:H22) -> #VALUE!
A23: ='Sample Metadata'!D12 -> 0 | B23: =IF(ISNUMBER('qPCR Run Entry'!G24),'qPCR Run Entry'!G24,"") | C23: =IF(ISNUMBER('qPCR Run Entry'!R24),'qPCR Run Entry'!R24,"") | D23: =IF(ISNUMBER('qPCR Run Entry'!AC24),'qPCR Run Entry'!AC24,"") | E23: X | H23: =IF(E23="X",10^((B23-'Standard Curve'!$B$20)/'Standard Curve'!$B$19),IF(F23="X",10^((C23-'Standard Curve'!$B$20)/'Standard Curve'!$B$19),IF(G23="X",10^((D23-'Standard Curve'!$B$20)/'Standard Curve'!$B$19),""))) -> #VALUE! | I23: =AVERAGE(H23:H24) -> #VALUE! | J23: =STDEV(H23:H24) -> #VALUE! | K23: =AVERAGE(H23:H24) -> #VALUE! | L23: =STDEV(H23:H24) -> #VALUE! | M23: =L23/K23 -> #VALUE! | N23: =IF(M23<40%, "Pass","Fail") -> #VALUE! | O23: =IF(OR(B23 <'Outlier Check'!$L$2, B24 <'Outlier Check'!$L$2, C23 <'Outlier Check'!$L$2, C24 <'Outlier Check'!$L$2, D23 <'Outlier Check'!$L$2, D24 <'Outlier Check'!$L$2), "Fail", "Pass") -> Pass | P23: =IF(AND(H23>=45, H24>=45), "Pass", "Fail") -> #VALUE! | Q23: =IF(AND(H23>=100, H24>=100), "Pass", "Fail") -> #VALUE!
B24: =IF(ISNUMBER('qPCR Run Entry'!G25),'qPCR Run Entry'!G25,"") | C24: =IF(ISNUMBER('qPCR Run Entry'!R25),'qPCR Run Entry'!R25,"") | D24: =IF(ISNUMBER('qPCR Run Entry'!AC25),'qPCR Run Entry'!AC25,"") | E24: X | H24: =IF(E24="X",10^((B24-'Standard Curve'!$B$20)/'Standard Curve'!$B$19),IF(F24="X",10^((C24-'Standard Curve'!$B$20)/'Standard Curve'!$B$19),IF(G24="X",10^((D24-'Standard Curve'!$B$20)/'Standard Curve'!$B$19),""))) -> #VALUE! | I24: =AVERAGE(H23:H24) -> #VALUE! | J24: =STDEV(H23:H24) -> #VALUE!
A25: ='Sample Metadata'!D13 -> 0 | B25: =IF(ISNUMBER('qPCR Run Entry'!G26),'qPCR Run Entry'!G26,"") | C25: =IF(ISNUMBER('qPCR Run Entry'!R26),'qPCR Run Entry'!R26,"") | D25: =IF(ISNUMBER('qPCR Run Entry'!AC26),'qPCR Run Entry'!AC26,"") | E25: X | H25: =IF(E25="X",10^((B25-'Standard Curve'!$B$20)/'Standard Curve'!$B$19),IF(F25="X",10^((C25-'Standard Curve'!$B$20)/'Standard Curve'!$B$19),IF(G25="X",10^((D25-'Standard Curve'!$B$20)/'Standard Curve'!$B$19),""))) -> #VALUE! | I25: =AVERAGE(H25:H26) -> #VALUE! | J25: =STDEV(H25:H26) -> #VALUE! | K25: =AVERAGE(H25:H26) -> #VALUE! | L25: =STDEV(H25:H26) -> #VALUE! | M25: =L25/K25 -> #VALUE! | N25: =IF(M25<40%, "Pass","Fail") -> #VALUE! | O25: =IF(OR(B25 <'Outlier Check'!$L$2, B26 <'Outlier Check'!$L$2, C25 <'Outlier Check'!$L$2, C26 <'Outlier Check'!$L$2, D25 <'Outlier Check'!$L$2, D26 <'Outlier Check'!$L$2), "Fail", "Pass") -> Pass | P25: =IF(AND(H25>=45, H26>=45), "Pass", "Fail") -> #VALUE! | Q25: =IF(AND(H25>=100, H26>=100), "Pass", "Fail") -> #VALUE!
B26: =IF(ISNUMBER('qPCR Run Entry'!G27),'qPCR Run Entry'!G27,"") | C26: =IF(ISNUMBER('qPCR Run Entry'!R27),'qPCR Run Entry'!R27,"") | D26: =IF(ISNUMBER('qPCR Run Entry'!AC27),'qPCR Run Entry'!AC27,"") | E26: X | H26: =IF(E26="X",10^((B26-'Standard Curve'!$B$20)/'Standard Curve'!$B$19),IF(F26="X",10^((C26-'Standard Curve'!$B$20)/'Standard Curve'!$B$19),IF(G26="X",10^((D26-'Standard Curve'!$B$20)/'Standard Curve'!$B$19),""))) -> #VALUE! | I26: =AVERAGE(H25:H26) -> #VALUE! | J26: =STDEV(H25:H26) -> #VALUE!
A27: ='Sample Metadata'!D14 -> 0 | B27: =IF(ISNUMBER('qPCR Run Entry'!G28),'qPCR Run Entry'!G28,"") | C27: =IF(ISNUMBER('qPCR Run Entry'!R28),'qPCR Run Entry'!R28,"") | D27: =IF(ISNUMBER('qPCR Run Entry'!AC28),'qPCR Run Entry'!AC28,"") | E27: X | H27: =IF(E27="X",10^((B27-'Standard Curve'!$B$20)/'Standard Curve'!$B$19),IF(F27="X",10^((C27-'Standard Curve'!$B$20)/'Standard Curve'!$B$19),IF(G27="X",10^((D27-'Standard Curve'!$B$20)/'Standard Curve'!$B$19),""))) -> #VALUE! | I27: =AVERAGE(H27:H28) -> #VALUE! | J27: =STDEV(H27:H28) -> #VALUE! | K27: =AVERAGE(H27:H28) -> #VALUE! | L27: =STDEV(H27:H28) -> #VALUE! | M27: =L27/K27 -> #VALUE! | N27: =IF(M27<40%, "Pass","Fail") -> #VALUE! | O27: =IF(OR(B27 <'Outlier Check'!$L$2, B28 <'Outlier Check'!$L$2, C27 <'Outlier Check'!$L$2, C28 <'Outlier Check'!$L$2, D27 <'Outlier Check'!$L$2, D28 <'Outlier Check'!$L$2), "Fail", "Pass") -> Pass | P27: =IF(AND(H27>=45, H28>=45), "Pass", "Fail") -> #VALUE! | Q27: =IF(AND(H27>=100, H28>=100), "Pass", "Fail") -> #VALUE!
B28: =IF(ISNUMBER('qPCR Run Entry'!G29),'qPCR Run Entry'!G29,"") | C28: =IF(ISNUMBER('qPCR Run Entry'!R29),'qPCR Run Entry'!R29,"") | D28: =IF(ISNUMBER('qPCR Run Entry'!AC29),'qPCR Run Entry'!AC29,"") | E28: X | H28: =IF(E28="X",10^((B28-'Standard Curve'!$B$20)/'Standard Curve'!$B$19),IF(F28="X",10^((C28-'Standard Curve'!$B$20)/'Standard Curve'!$B$19),IF(G28="X",10^((D28-'Standard Curve'!$B$20)/'Standard Curve'!$B$19),""))) -> #VALUE! | I28: =AVERAGE(H27:H28) -> #VALUE! | J28: =STDEV(H27:H28) -> #VALUE!
A29: ='Sample Metadata'!D15 -> 0 | B29: =IF(ISNUMBER('qPCR Run Entry'!G30),'qPCR Run Entry'!G30,"") | C29: =IF(ISNUMBER('qPCR Run Entry'!R30),'qPCR Run Entry'!R30,"") | D29: =IF(ISNUMBER('qPCR Run Entry'!AC30),'qPCR Run Entry'!AC30,"") | E29: X | H29: =IF(E29="X",10^((B29-'Standard Curve'!$B$20)/'Standard Curve'!$B$19),IF(F29="X",10^((C29-'Standard Curve'!$B$20)/'Standard Curve'!$B$19),IF(G29="X",10^((D29-'Standard Curve'!$B$20)/'Standard Curve'!$B$19),""))) -> #VALUE! | I29: =AVERAGE(H29:H30) -> #VALUE! | J29: =STDEV(H29:H30) -> #VALUE! | K29: =AVERAGE(H29:H30) -> #VALUE! | L29: =STDEV(H29:H30) -> #VALUE! | M29: =L29/K29 -> #VALUE! | N29: =IF(M29<40%, "Pass","Fail") -> #VALUE! | O29: =IF(OR(B29 <'Outlier Check'!$L$2, B30 <'Outlier Check'!$L$2, C29 <'Outlier Check'!$L$2, C30 <'Outlier Check'!$L$2, D29 <'Outlier Check'!$L$2, D30 <'Outlier Check'!$L$2), "Fail", "Pass") -> Pass | P29: =IF(AND(H29>=45, H30>=45), "Pass", "Fail") -> #VALUE! | Q29: =IF(AND(H29>=100, H30>=100), "Pass", "Fail") -> #VALUE!
B30: =IF(ISNUMBER('qPCR Run Entry'!G31),'qPCR Run Entry'!G31,"") | C30: =IF(ISNUMBER('qPCR Run Entry'!R31),'qPCR Run Entry'!R31,"") | D30: =IF(ISNUMBER('qPCR Run Entry'!AC31),'qPCR Run Entry'!AC31,"") | E30: X | H30: =IF(E30="X",10^((B30-'Standard Curve'!$B$20)/'Standard Curve'!$B$19),IF(F30="X",10^((C30-'Standard Curve'!$B$20)/'Standard Curve'!$B$19),IF(G30="X",10^((D30-'Standard Curve'!$B$20)/'Standard Curve'!$B$19),""))) -> #VALUE! | I30: =AVERAGE(H29:H30) -> #VALUE! | J30: =STDEV(H29:H30) -> #VALUE!
A31: ='Sample Metadata'!D16 -> 0 | B31: =IF(ISNUMBER('qPCR Run Entry'!G32),'qPCR Run Entry'!G32,"") | C31: =IF(ISNUMBER('qPCR Run Entry'!R32),'qPCR Run Entry'!R32,"") | D31: =IF(ISNUMBER('qPCR Run Entry'!AC32),'qPCR Run Entry'!AC32,"") | E31: X | H31: =IF(E31="X",10^((B31-'Standard Curve'!$B$20)/'Standard Curve'!$B$19),IF(F31="X",10^((C31-'Standard Curve'!$B$20)/'Standard Curve'!$B$19),IF(G31="X",10^((D31-'Standard Curve'!$B$20)/'Standard Curve'!$B$19),""))) -> #VALUE! | I31: =AVERAGE(H31:H32) -> #VALUE! | J31: =STDEV(H31:H32) -> #VALUE! | K31: =AVERAGE(H31:H32) -> #VALUE! | L31: =STDEV(H31:H32) -> #VALUE! | M31: =L31/K31 -> #VALUE! | N31: =IF(M31<40%, "Pass","Fail") -> #VALUE! | O31: =IF(OR(B31 <'Outlier Check'!$L$2, B32 <'Outlier Check'!$L$2, C31 <'Outlier Check'!$L$2, C32 <'Outlier Check'!$L$2, D31 <'Outlier Check'!$L$2, D32 <'Outlier Check'!$L$2), "Fail", "Pass") -> Pass | P31: =IF(AND(H31>=45, H32>=45), "Pass", "Fail") -> #VALUE! | Q31: =IF(AND(H31>=100, H32>=100), "Pass", "Fail") -> #VALUE!
B32: =IF(ISNUMBER('qPCR Run Entry'!G33),'qPCR Run Entry'!G33,"") | C32: =IF(ISNUMBER('qPCR Run Entry'!R33),'qPCR Run Entry'!R33,"") | D32: =IF(ISNUMBER('qPCR Run Entry'!AC33),'qPCR Run Entry'!AC33,"") | E32: X | H32: =IF(E32="X",10^((B32-'Standard Curve'!$B$20)/'Standard Curve'!$B$19),IF(F32="X",10^((C32-'Standard Curve'!$B$20)/'Standard Curve'!$B$19),IF(G32="X",10^((D32-'Standard Curve'!$B$20)/'Standard Curve'!$B$19),""))) -> #VALUE! | I32: =AVERAGE(H31:H32) -> #VALUE! | J32: =STDEV(H31:H32) -> #VALUE!
A33: ='Sample Metadata'!D17 -> 0 | B33: =IF(ISNUMBER('qPCR Run Entry'!G34),'qPCR Run Entry'!G34,"") | C33: =IF(ISNUMBER('qPCR Run Entry'!R34),'qPCR Run Entry'!R34,"") | D33: =IF(ISNUMBER('qPCR Run Entry'!AC34),'qPCR Run Entry'!AC34,"") | E33: X | H33: =IF(E33="X",10^((B33-'Standard Curve'!$B$20)/'Standard Curve'!$B$19),IF(F33="X",10^((C33-'Standard Curve'!$B$20)/'Standard Curve'!$B$19),IF(G33="X",10^((D33-'Standard Curve'!$B$20)/'Standard Curve'!$B$19),""))) -> #VALUE! | I33: =AVERAGE(H33:H34) -> #VALUE! | J33: =STDEV(H33:H34) -> #VALUE! | K33: =AVERAGE(H33:H34) -> #VALUE! | L33: =STDEV(H33:H34) -> #VALUE! | M33: =L33/K33 -> #VALUE! | N33: =IF(M33<40%, "Pass","Fail") -> #VALUE! | O33: =IF(OR(B33 <'Outlier Check'!$L$2, B34 <'Outlier Check'!$L$2, C33 <'Outlier Check'!$L$2, C34 <'Outlier Check'!$L$2, D33 <'Outlier Check'!$L$2, D34 <'Outlier Check'!$L$2), "Fail", "Pass") -> Pass | P33: =IF(AND(H33>=45, H34>=45), "Pass", "Fail") -> #VALUE! | Q33: =IF(AND(H33>=100, H34>=100), "Pass", "Fail") -> #VALUE!
B34: =IF(ISNUMBER('qPCR Run Entry'!G35),'qPCR Run Entry'!G35,"") | C34: =IF(ISNUMBER('qPCR Run Entry'!R35),'qPCR Run Entry'!R35,"") | D34: =IF(ISNUMBER('qPCR Run Entry'!AC35),'qPCR Run Entry'!AC35,"") | E34: X | H34: =IF(E34="X",10^((B34-'Standard Curve'!$B$20)/'Standard Curve'!$B$19),IF(F34="X",10^((C34-'Standard Curve'!$B$20)/'Standard Curve'!$B$19),IF(G34="X",10^((D34-'Standard Curve'!$B$20)/'Standard Curve'!$B$19),""))) -> #VALUE! | I34: =AVERAGE(H33:H34) -> #VALUE! | J34: =STDEV(H33:H34) -> #VALUE!
A35: ='Sample Metadata'!D18 -> 0 | B35: =IF(ISNUMBER('qPCR Run Entry'!G36),'qPCR Run Entry'!G36,"") | C35: =IF(ISNUMBER('qPCR Run Entry'!R36),'qPCR Run Entry'!R36,"") | D35: =IF(ISNUMBER('qPCR Run Entry'!AC36),'qPCR Run Entry'!AC36,"") | E35: X | H35: =IF(E35="X",10^((B35-'Standard Curve'!$B$20)/'Standard Curve'!$B$19),IF(F35="X",10^((C35-'Standard Curve'!$B$20)/'Standard Curve'!$B$19),IF(G35="X",10^((D35-'Standard Curve'!$B$20)/'Standard Curve'!$B$19),""))) -> #VALUE! | I35: =AVERAGE(H35:H36) -> #VALUE! | J35: =STDEV(H35:H36) -> #VALUE! | K35: =AVERAGE(H35:H36) -> #VALUE! | L35: =STDEV(H35:H36) -> #VALUE! | M35: =L35/K35 -> #VALUE! | N35: =IF(M35<40%, "Pass","Fail") -> #VALUE! | O35: =IF(OR(B35 <'Outlier Check'!$L$2, B36 <'Outlier Check'!$L$2, C35 <'Outlier Check'!$L$2, C36 <'Outlier Check'!$L$2, D35 <'Outlier Check'!$L$2, D36 <'Outlier Check'!$L$2), "Fail", "Pass") -> Pass | P35: =IF(AND(H35>=45, H36>=45), "Pass", "Fail") -> #VALUE! | Q35: =IF(AND(H35>=100, H36>=100), "Pass", "Fail") -> #VALUE!
B36: =IF(ISNUMBER('qPCR Run Entry'!G37),'qPCR Run Entry'!G37,"") | C36: =IF(ISNUMBER('qPCR Run Entry'!R37),'qPCR Run Entry'!R37,"") | D36: =IF(ISNUMBER('qPCR Run Entry'!AC37),'qPCR Run Entry'!AC37,"") | E36: X | H36: =IF(E36="X",10^((B36-'Standard Curve'!$B$20)/'Standard Curve'!$B$19),IF(F36="X",10^((C36-'Standard Curve'!$B$20)/'Standard Curve'!$B$19),IF(G36="X",10^((D36-'Standard Curve'!$B$20)/'Standard Curve'!$B$19),""))) -> #VALUE! | I36: =AVERAGE(H35:H36) -> #VALUE! | J36: =STDEV(H35:H36) -> #VALUE!
A37: ='Sample Metadata'!D19 -> 0 | B37: =IF(ISNUMBER('qPCR Run Entry'!G38),'qPCR Run Entry'!G38,"") | C37: =IF(ISNUMBER('qPCR Run Entry'!R38),'qPCR Run Entry'!R38,"") | D37: =IF(ISNUMBER('qPCR Run Entry'!AC38),'qPCR Run Entry'!AC38,"") | E37: X | H37: =IF(E37="X",10^((B37-'Standard Curve'!$B$20)/'Standard Curve'!$B$19),IF(F37="X",10^((C37-'Standard Curve'!$B$20)/'Standard Curve'!$B$19),IF(G37="X",10^((D37-'Standard Curve'!$B$20)/'Standard Curve'!$B$19),""))) -> #VALUE! | I37: =AVERAGE(H37:H38) -> #VALUE! | J37: =STDEV(H37:H38) -> #VALUE! | K37: =AVERAGE(H37:H38) -> #VALUE! | L37: =STDEV(H37:H38) -> #VALUE! | M37: =L37/K37 -> #VALUE! | N37: =IF(M37<40%, "Pass","Fail") -> #VALUE! | O37: =IF(OR(B37 <'Outlier Check'!$L$2, B38 <'Outlier Check'!$L$2, C37 <'Outlier Check'!$L$2, C38 <'Outlier Check'!$L$2, D37 <'Outlier Check'!$L$2, D38 <'Outlier Check'!$L$2), "Fail", "Pass") -> Pass | P37: =IF(AND(H37>=45, H38>=45), "Pass", "Fail") -> #VALUE! | Q37: =IF(AND(H37>=100, H38>=100), "Pass", "Fail") -> #VALUE!
B38: =IF(ISNUMBER('qPCR Run Entry'!G39),'qPCR Run Entry'!G39,"") | C38: =IF(ISNUMBER('qPCR Run Entry'!R39),'qPCR Run Entry'!R39,"") | D38: =IF(ISNUMBER('qPCR Run Entry'!AC39),'qPCR Run Entry'!AC39,"") | E38: X | H38: =IF(E38="X",10^((B38-'Standard Curve'!$B$20)/'Standard Curve'!$B$19),IF(F38="X",10^((C38-'Standard Curve'!$B$20)/'Standard Curve'!$B$19),IF(G38="X",10^((D38-'Standard Curve'!$B$20)/'Standard Curve'!$B$19),""))) -> #VALUE! | I38: =AVERAGE(H37:H38) -> #VALUE! | J38: =STDEV(H37:H38) -> #VALUE!
A39: ='Sample Metadata'!D20 -> 0 | B39: =IF(ISNUMBER('qPCR Run Entry'!G40),'qPCR Run Entry'!G40,"") | C39: =IF(ISNUMBER('qPCR Run Entry'!R40),'qPCR Run Entry'!R40,"") | D39: =IF(ISNUMBER('qPCR Run Entry'!AC40),'qPCR Run Entry'!AC40,"") | E39: X | H39: =IF(E39="X",10^((B39-'Standard Curve'!$B$20)/'Standard Curve'!$B$19),IF(F39="X",10^((C39-'Standard Curve'!$B$20)/'Standard Curve'!$B$19),IF(G39="X",10^((D39-'Standard Curve'!$B$20)/'Standard Curve'!$B$19),""))) -> #VALUE! | I39: =AVERAGE(H39:H40) -> #VALUE! | J39: =STDEV(H39:H40) -> #VALUE! | K39: =AVERAGE(H39:H40) -> #VALUE! | L39: =STDEV(H39:H40) -> #VALUE! | M39: =L39/K39 -> #VALUE! | N39: =IF(M39<40%, "Pass","Fail") -> #VALUE! | O39: =IF(OR(B39 <'Outlier Check'!$L$2, B40 <'Outlier Check'!$L$2, C39 <'Outlier Check'!$L$2, C40 <'Outlier Check'!$L$2, D39 <'Outlier Check'!$L$2, D40 <'Outlier Check'!$L$2), "Fail", "Pass") -> Pass | P39: =IF(AND(H39>=45, H40>=45), "Pass", "Fail") -> #VALUE! | Q39: =IF(AND(H39>=100, H40>=100), "Pass", "Fail") -> #VALUE!
B40: =IF(ISNUMBER('qPCR Run Entry'!G41),'qPCR Run Entry'!G41,"") | C40: =IF(ISNUMBER('qPCR Run Entry'!R41),'qPCR Run Entry'!R41,"") | D40: =IF(ISNUMBER('qPCR Run Entry'!AC41),'qPCR Run Entry'!AC41,"") | E40: X | H40: =IF(E40="X",10^((B40-'Standard Curve'!$B$20)/'Standard Curve'!$B$19),IF(F40="X",10^((C40-'Standard Curve'!$B$20)/'Standard Curve'!$B$19),IF(G40="X",10^((D40-'Standard Curve'!$B$20)/'Standard Curve'!$B$19),""))) -> #VALUE! | I40: =AVERAGE(H39:H40) -> #VALUE! | J40: =STDEV(H39:H40) -> #VALUE!
A41: ='Sample Metadata'!D21 -> 0 | B41: =IF(ISNUMBER('qPCR Run Entry'!G42),'qPCR Run Entry'!G42,"") | C41: =IF(ISNUMBER('qPCR Run Entry'!R42),'qPCR Run Entry'!R42,"") | D41: =IF(ISNUMBER('qPCR Run Entry'!AC42),'qPCR Run Entry'!AC42,"") | E41: X | H41: =IF(E41="X",10^((B41-'Standard Curve'!$B$20)/'Standard Curve'!$B$19),IF(F41="X",10^((C41-'Standard Curve'!$B$20)/'Standard Curve'!$B$19),IF(G41="X",10^((D41-'Standard Curve'!$B$20)/'Standard Curve'!$B$19),""))) -> #VALUE! | I41: =AVERAGE(H41:H42) -> #VALUE! | J41: =STDEV(H41:H42) -> #VALUE! | K41: =AVERAGE(H41:H42) -> #VALUE! | L41: =STDEV(H41:H42) -> #VALUE! | M41: =L41/K41 -> #VALUE! | N41: =IF(M41<40%, "Pass","Fail") -> #VALUE! | O41: =IF(OR(B41 <'Outlier Check'!$L$2, B42 <'Outlier Check'!$L$2, C41 <'Outlier Check'!$L$2, C42 <'Outlier Check'!$L$2, D41 <'Outlier Check'!$L$2, D42 <'Outlier Check'!$L$2), "Fail", "Pass") -> Pass | P41: =IF(AND(H41>=45, H42>=45), "Pass", "Fail") -> #VALUE! | Q41: =IF(AND(H41>=100, H42>=100), "Pass", "Fail") -> #VALUE!
B42: =IF(ISNUMBER('qPCR Run Entry'!G43),'qPCR Run Entry'!G43,"") | C42: =IF(ISNUMBER('qPCR Run Entry'!R43),'qPCR Run Entry'!R43,"") | D42: =IF(ISNUMBER('qPCR Run Entry'!AC43),'qPCR Run Entry'!AC43,"") | E42: X | H42: =IF(E42="X",10^((B42-'Standard Curve'!$B$20)/'Standard Curve'!$B$19),IF(F42="X",10^((C42-'Standard Curve'!$B$20)/'Standard Curve'!$B$19),IF(G42="X",10^((D42-'Standard Curve'!$B$20)/'Standard Curve'!$B$19),""))) -> #VALUE! | I42: =AVERAGE(H41:H42) -> #VALUE! | J42: =STDEV(H41:H42) -> #VALUE!
A43: ='Sample Metadata'!D22 -> 0 | B43: =IF(ISNUMBER('qPCR Run Entry'!G44),'qPCR Run Entry'!G44,"") | C43: =IF(ISNUMBER('qPCR Run Entry'!R44),'qPCR Run Entry'!R44,"") | D43: =IF(ISNUMBER('qPCR Run Entry'!AC44),'qPCR Run Entry'!AC44,"") | E43: X | H43: =IF(E43="X",10^((B43-'Standard Curve'!$B$20)/'Standard Curve'!$B$19),IF(F43="X",10^((C43-'Standard Curve'!$B$20)/'Standard Curve'!$B$19),IF(G43="X",10^((D43-'Standard Curve'!$B$20)/'Standard Curve'!$B$19),""))) -> #VALUE! | I43: =AVERAGE(H43:H44) -> #VALUE! | J43: =STDEV(H43:H44) -> #VALUE! | K43: =AVERAGE(H43:H44) -> #VALUE! | L43: =STDEV(H43:H44) -> #VALUE! | M43: =L43/K43 -> #VALUE! | N43: =IF(M43<40%, "Pass","Fail") -> #VALUE! | O43: =IF(OR(B43 <'Outlier Check'!$L$2, B44 <'Outlier Check'!$L$2, C43 <'Outlier Check'!$L$2, C44 <'Outlier Check'!$L$2, D43 <'Outlier Check'!$L$2, D44 <'Outlier Check'!$L$2), "Fail", "Pass") -> Pass | P43: =IF(AND(H43>=45, H44>=45), "Pass", "Fail") -> #VALUE! | Q43: =IF(AND(H43>=100, H44>=100), "Pass", "Fail") -> #VALUE!
B44: =IF(ISNUMBER('qPCR Run Entry'!G45),'qPCR Run Entry'!G45,"") | C44: =IF(ISNUMBER('qPCR Run Entry'!R45),'qPCR Run Entry'!R45,"") | D44: =IF(ISNUMBER('qPCR Run Entry'!AC45),'qPCR Run Entry'!AC45,"") | E44: X | H44: =IF(E44="X",10^((B44-'Standard Curve'!$B$20)/'Standard Curve'!$B$19),IF(F44="X",10^((C44-'Standard Curve'!$B$20)/'Standard Curve'!$B$19),IF(G44="X",10^((D44-'Standard Curve'!$B$20)/'Standard Curve'!$B$19),""))) -> #VALUE! | I44: =AVERAGE(H43:H44) -> #VALUE! | J44: =STDEV(H43:H44) -> #VALUE!
A45: ='Sample Metadata'!D23 -> 0 | B45: =IF(ISNUMBER('qPCR Run Entry'!G46),'qPCR Run Entry'!G46,"") | C45: =IF(ISNUMBER('qPCR Run Entry'!R46),'qPCR Run Entry'!R46,"") | D45: =IF(ISNUMBER('qPCR Run Entry'!AC46),'qPCR Run Entry'!AC46,"") | E45: X | H45: =IF(E45="X",10^((B45-'Standard Curve'!$B$20)/'Standard Curve'!$B$19),IF(F45="X",10^((C45-'Standard Curve'!$B$20)/'Standard Curve'!$B$19),IF(G45="X",10^((D45-'Standard Curve'!$B$20)/'Standard Curve'!$B$19),""))) -> #VALUE! | I45: =AVERAGE(H45:H46) -> #VALUE! | J45: =STDEV(H45:H46) -> #VALUE! | K45: =AVERAGE(H45:H46) -> #VALUE! | L45: =STDEV(H45:H46) -> #VALUE! | M45: =L45/K45 -> #VALUE! | N45: =IF(M45<40%, "Pass","Fail") -> #VALUE! | O45: =IF(OR(B45 <'Outlier Check'!$L$2, B46 <'Outlier Check'!$L$2, C45 <'Outlier Check'!$L$2, C46 <'Outlier Check'!$L$2, D45 <'Outlier Check'!$L$2, D46 <'Outlier Check'!$L$2), "Fail", "Pass") -> Pass | P45: =IF(AND(H45>=45, H46>=45), "Pass", "Fail") -> #VALUE! | Q45: =IF(AND(H45>=100, H46>=100), "Pass", "Fail") -> #VALUE!
B46: =IF(ISNUMBER('qPCR Run Entry'!G47),'qPCR Run Entry'!G47,"") | C46: =IF(ISNUMBER('qPCR Run Entry'!R47),'qPCR Run Entry'!R47,"") | D46: =IF(ISNUMBER('qPCR Run Entry'!AC47),'qPCR Run Entry'!AC47,"") | E46: X | H46: =IF(E46="X",10^((B46-'Standard Curve'!$B$20)/'Standard Curve'!$B$19),IF(F46="X",10^((C46-'Standard Curve'!$B$20)/'Standard Curve'!$B$19),IF(G46="X",10^((D46-'Standard Curve'!$B$20)/'Standard Curve'!$B$19),""))) -> #VALUE! | I46: =AVERAGE(H45:H46) -> #VALUE! | J46: =STDEV(H45:H46) -> #VALUE!
A47: ='Sample Metadata'!D24 -> 0 | B47: =IF(ISNUMBER('qPCR Run Entry'!G48),'qPCR Run Entry'!G48,"") | C47: =IF(ISNUMBER('qPCR Run Entry'!R48),'qPCR Run Entry'!R48,"") | D47: =IF(ISNUMBER('qPCR Run Entry'!AC48),'qPCR Run Entry'!AC48,"") | E47: X | H47: =IF(E47="X",10^((B47-'Standard Curve'!$B$20)/'Standard Curve'!$B$19),IF(F47="X",10^((C47-'Standard Curve'!$B$20)/'Standard Curve'!$B$19),IF(G47="X",10^((D47-'Standard Curve'!$B$20)/'Standard Curve'!$B$19),""))) -> #VALUE! | I47: =AVERAGE(H47:H48) -> #VALUE! | J47: =STDEV(H47:H48) -> #VALUE! | K47: =AVERAGE(H47:H48) -> #VALUE! | L47: =STDEV(H47:H48) -> #VALUE! | M47: =L47/K47 -> #VALUE! | N47: =IF(M47<40%, "Pass","Fail") -> #VALUE! | O47: =IF(OR(B47 <'Outlier Check'!$L$2, B48 <'Outlier Check'!$L$2, C47 <'Outlier Check'!$L$2, C48 <'Outlier Check'!$L$2, D47 <'Outlier Check'!$L$2, D48 <'Outlier Check'!$L$2), "Fail", "Pass") -> Pass | P47: =IF(AND(H47>=45, H48>=45), "Pass", "Fail") -> #VALUE! | Q47: =IF(AND(H47>=100, H48>=100), "Pass", "Fail") -> #VALUE!
B48: =IF(ISNUMBER('qPCR Run Entry'!G49),'qPCR Run Entry'!G49,"") | C48: =IF(ISNUMBER('qPCR Run Entry'!R49),'qPCR Run Entry'!R49,"") | D48: =IF(ISNUMBER('qPCR Run Entry'!AC49),'qPCR Run Entry'!AC49,"") | E48: X | H48: =IF(E48="X",10^((B48-'Standard Curve'!$B$20)/'Standard Curve'!$B$19),IF(F48="X",10^((C48-'Standard Curve'!$B$20)/'Standard Curve'!$B$19),IF(G48="X",10^((D48-'Standard Curve'!$B$20)/'Standard Curve'!$B$19),""))) -> #VALUE! | I48: =AVERAGE(H47:H48) -> #VALUE! | J48: =STDEV(H47:H48) -> #VALUE!
A49: ='Sample Metadata'!D25 -> 0 | B49: =IF(ISNUMBER('qPCR Run Entry'!G50),'qPCR Run Entry'!G50,"") | C49: =IF(ISNUMBER('qPCR Run Entry'!R50),'qPCR Run Entry'!R50,"") | D49: =IF(ISNUMBER('qPCR Run Entry'!AC50),'qPCR Run Entry'!AC50,"") | E49: X | H49: =IF(E49="X",10^((B49-'Standard Curve'!$B$20)/'Standard Curve'!$B$19),IF(F49="X",10^((C49-'Standard Curve'!$B$20)/'Standard Curve'!$B$19),IF(G49="X",10^((D49-'Standard Curve'!$B$20)/'Standard Curve'!$B$19),""))) -> #VALUE! | I49: =AVERAGE(H49:H50) -> #VALUE! | J49: =STDEV(H49:H50) -> #VALUE! | K49: =AVERAGE(H49:H50) -> #VALUE! | L49: =STDEV(H49:H50) -> #VALUE! | M49: =L49/K49 -> #VALUE! | N49: =IF(M49<40%, "Pass","Fail") -> #VALUE! | O49: =IF(OR(B49 <'Outlier Check'!$L$2, B50 <'Outlier Check'!$L$2, C49 <'Outlier Check'!$L$2, C50 <'Outlier Check'!$L$2, D49 <'Outlier Check'!$L$2, D50 <'Outlier Check'!$L$2), "Fail", "Pass") -> Pass | P49: =IF(AND(H49>=45, H50>=45), "Pass", "Fail") -> #VALUE! | Q49: =IF(AND(H49>=100, H50>=100), "Pass", "Fail") -> #VALUE!
B50: =IF(ISNUMBER('qPCR Run Entry'!G51),'qPCR Run Entry'!G51,"") | C50: =IF(ISNUMBER('qPCR Run Entry'!R51),'qPCR Run Entry'!R51,"") | D50: =IF(ISNUMBER('qPCR Run Entry'!AC51),'qPCR Run Entry'!AC51,"") | E50: X | H50: =IF(E50="X",10^((B50-'Standard Curve'!$B$20)/'Standard Curve'!$B$19),IF(F50="X",10^((C50-'Standard Curve'!$B$20)/'Standard Curve'!$B$19),IF(G50="X",10^((D50-'Standard Curve'!$B$20)/'Standard Curve'!$B$19),""))) -> #VALUE! | I50: =AVERAGE(H49:H50) -> #VALUE! | J50: =STDEV(H49:H50) -> #VALUE!
A51: ='Sample Metadata'!D26 -> 0 | B51: =IF(ISNUMBER('qPCR Run Entry'!G52),'qPCR Run Entry'!G52,"") | C51: =IF(ISNUMBER('qPCR Run Entry'!R52),'qPCR Run Entry'!R52,"") | D51: =IF(ISNUMBER('qPCR Run Entry'!AC52),'qPCR Run Entry'!AC52,"") | E51: X | H51: =IF(E51="X",10^((B51-'Standard Curve'!$B$20)/'Standard Curve'!$B$19),IF(F51="X",10^((C51-'Standard Curve'!$B$20)/'Standard Curve'!$B$19),IF(G51="X",10^((D51-'Standard Curve'!$B$20)/'Standard Curve'!$B$19),""))) -> #VALUE! | I51: =AVERAGE(H51:H52) -> #VALUE! | J51: =STDEV(H51:H52) -> #VALUE! | K51: =AVERAGE(H51:H52) -> #VALUE! | L51: =STDEV(H51:H52) -> #VALUE! | M51: =L51/K51 -> #VALUE! | N51: =IF(M51<40%, "Pass","Fail") -> #VALUE! | O51: =IF(OR(B51 <'Outlier Check'!$L$2, B52 <'Outlier Check'!$L$2, C51 <'Outlier Check'!$L$2, C52 <'Outlier Check'!$L$2, D51 <'Outlier Check'!$L$2, D52 <'Outlier Check'!$L$2), "Fail", "Pass") -> Pass | P51: =IF(AND(H51>=45, H52>=45), "Pass", "Fail") -> #VALUE! | Q51: =IF(AND(H51>=100, H52>=100), "Pass", "Fail") -> #VALUE!
B52: =IF(ISNUMBER('qPCR Run Entry'!G53),'qPCR Run Entry'!G53,"") | C52: =IF(ISNUMBER('qPCR Run Entry'!R53),'qPCR Run Entry'!R53,"") | D52: =IF(ISNUMBER('qPCR Run Entry'!AC53),'qPCR Run Entry'!AC53,"") | E52: X | H52: =IF(E52="X",10^((B52-'Standard Curve'!$B$20)/'Standard Curve'!$B$19),IF(F52="X",10^((C52-'Standard Curve'!$B$20)/'Standard Curve'!$B$19),IF(G52="X",10^((D52-'Standard Curve'!$B$20)/'Standard Curve'!$B$19),""))) -> #VALUE! | I52: =AVERAGE(H51:H52) -> #VALUE! | J52: =STDEV(H51:H52) -> #VALUE!
A53: ='Sample Metadata'!D27 -> 0 | B53: =IF(ISNUMBER('qPCR Run Entry'!G54),'qPCR Run Entry'!G54,"") | C53: =IF(ISNUMBER('qPCR Run Entry'!R54),'qPCR Run Entry'!R54,"") | D53: =IF(ISNUMBER('qPCR Run Entry'!AC54),'qPCR Run Entry'!AC54,"") | E53: X | H53: =IF(E53="X",10^((B53-'Standard Curve'!$B$20)/'Standard Curve'!$B$19),IF(F53="X",10^((C53-'Standard Curve'!$B$20)/'Standard Curve'!$B$19),IF(G53="X",10^((D53-'Standard Curve'!$B$20)/'Standard Curve'!$B$19),""))) -> #VALUE! | I53: =AVERAGE(H53:H54) -> #VALUE! | J53: =STDEV(H53:H54) -> #VALUE! | K53: =AVERAGE(H53:H54) -> #VALUE! | L53: =STDEV(H53:H54) -> #VALUE! | M53: =L53/K53 -> #VALUE! | N53: =IF(M53<40%, "Pass","Fail") -> #VALUE! | O53: =IF(OR(B53 <'Outlier Check'!$L$2, B54 <'Outlier Check'!$L$2, C53 <'Outlier Check'!$L$2, C54 <'Outlier Check'!$L$2, D53 <'Outlier Check'!$L$2, D54 <'Outlier Check'!$L$2), "Fail", "Pass") -> Pass | P53: =IF(AND(H53>=45, H54>=45), "Pass", "Fail") -> #VALUE! | Q53: =IF(AND(H53>=100, H54>=100), "Pass", "Fail") -> #VALUE!
B54: =IF(ISNUMBER('qPCR Run Entry'!G55),'qPCR Run Entry'!G55,"") | C54: =IF(ISNUMBER('qPCR Run Entry'!R55),'qPCR Run Entry'!R55,"") | D54: =IF(ISNUMBER('qPCR Run Entry'!AC55),'qPCR Run Entry'!AC55,"") | E54: X | H54: =IF(E54="X",10^((B54-'Standard Curve'!$B$20)/'Standard Curve'!$B$19),IF(F54="X",10^((C54-'Standard Curve'!$B$20)/'Standard Curve'!$B$19),IF(G54="X",10^((D54-'Standard Curve'!$B$20)/'Standard Curve'!$B$19),""))) -> #VALUE! | I54: =AVERAGE(H53:H54) -> #VALUE! | J54: =STDEV(H53:H54) -> #VALUE!
A55: ='Sample Metadata'!D28 -> 0 | B55: =IF(ISNUMBER('qPCR Run Entry'!G56),'qPCR Run Entry'!G56,"") | C55: =IF(ISNUMBER('qPCR Run Entry'!R56),'qPCR Run Entry'!R56,"") | D55: =IF(ISNUMBER('qPCR Run Entry'!AC56),'qPCR Run Entry'!AC56,"") | E55: X | H55: =IF(E55="X",10^((B55-'Standard Curve'!$B$20)/'Standard Curve'!$B$19),IF(F55="X",10^((C55-'Standard Curve'!$B$20)/'Standard Curve'!$B$19),IF(G55="X",10^((D55-'Standard Curve'!$B$20)/'Standard Curve'!$B$19),""))) -> #VALUE! | I55: =AVERAGE(H55:H56) -> #VALUE! | J55: =STDEV(H55:H56) -> #VALUE! | K55: =AVERAGE(H55:H56) -> #VALUE! | L55: =STDEV(H55:H56) -> #VALUE! | M55: =L55/K55 -> #VALUE! | N55: =IF(M55<40%, "Pass","Fail") -> #VALUE! | O55: =IF(OR(B55 <'Outlier Check'!$L$2, B56 <'Outlier Check'!$L$2, C55 <'Outlier Check'!$L$2, C56 <'Outlier Check'!$L$2, D55 <'Outlier Check'!$L$2, D56 <'Outlier Check'!$L$2), "Fail", "Pass") -> Pass | P55: =IF(AND(H55>=45, H56>=45), "Pass", "Fail") -> #VALUE! | Q55: =IF(AND(H55>=100, H56>=100), "Pass", "Fail") -> #VALUE!
B56: =IF(ISNUMBER('qPCR Run Entry'!G57),'qPCR Run Entry'!G57,"") | C56: =IF(ISNUMBER('qPCR Run Entry'!R57),'qPCR Run Entry'!R57,"") | D56: =IF(ISNUMBER('qPCR Run Entry'!AC57),'qPCR Run Entry'!AC57,"") | E56: X | H56: =IF(E56="X",10^((B56-'Standard Curve'!$B$20)/'Standard Curve'!$B$19),IF(F56="X",10^((C56-'Standard Curve'!$B$20)/'Standard Curve'!$B$19),IF(G56="X",10^((D56-'Standard Curve'!$B$20)/'Standard Curve'!$B$19),""))) -> #VALUE! | I56: =AVERAGE(H55:H56) -> #VALUE! | J56: =STDEV(H55:H56) -> #VALUE!
A57: ='Sample Metadata'!D29 -> 0 | B57: =IF(ISNUMBER('qPCR Run Entry'!G58),'qPCR Run Entry'!G58,"") | C57: =IF(ISNUMBER('qPCR Run Entry'!R58),'qPCR Run Entry'!R58,"") | D57: =IF(ISNUMBER('qPCR Run Entry'!AC58),'qPCR Run Entry'!AC58,"") | E57: X | H57: =IF(E57="X",10^((B57-'Standard Curve'!$B$20)/'Standard Curve'!$B$19),IF(F57="X",10^((C57-'Standard Curve'!$B$20)/'Standard Curve'!$B$19),IF(G57="X",10^((D57-'Standard Curve'!$B$20)/'Standard Curve'!$B$19),""))) -> #VALUE! | I57: =AVERAGE(H57:H58) -> #VALUE! | J57: =STDEV(H57:H58) -> #VALUE! | K57: =AVERAGE(H57:H58) -> #VALUE! | L57: =STDEV(H57:H58) -> #VALUE! | M57: =L57/K57 -> #VALUE! | N57: =IF(M57<40%, "Pass","Fail") -> #VALUE! | O57: =IF(OR(B57 <'Outlier Check'!$L$2, B58 <'Outlier Check'!$L$2, C57 <'Outlier Check'!$L$2, C58 <'Outlier Check'!$L$2, D57 <'Outlier Check'!$L$2, D58 <'Outlier Check'!$L$2), "Fail", "Pass") -> Pass | P57: =IF(AND(H57>=45, H58>=45), "Pass", "Fail") -> #VALUE! | Q57: =IF(AND(H57>=100, H58>=100), "Pass", "Fail") -> #VALUE!
B58: =IF(ISNUMBER('qPCR Run Entry'!G59),'qPCR Run Entry'!G59,"") | C58: =IF(ISNUMBER('qPCR Run Entry'!R59),'qPCR Run Entry'!R59,"") | D58: =IF(ISNUMBER('qPCR Run Entry'!AC59),'qPCR Run Entry'!AC59,"") | E58: X | H58: =IF(E58="X",10^((B58-'Standard Curve'!$B$20)/'Standard Curve'!$B$19),IF(F58="X",10^((C58-'Standard Curve'!$B$20)/'Standard Curve'!$B$19),IF(G58="X",10^((D58-'Standard Curve'!$B$20)/'Standard Curve'!$B$19),""))) -> #VALUE! | I58: =AVERAGE(H57:H58) -> #VALUE! | J58: =STDEV(H57:H58) -> #VALUE!
A59: ='Sample Metadata'!D30 -> 0 | B59: =IF(ISNUMBER('qPCR Run Entry'!G60),'qPCR Run Entry'!G60,"") | C59: =IF(ISNUMBER('qPCR Run Entry'!R60),'qPCR Run Entry'!R60,"") | D59: =IF(ISNUMBER('qPCR Run Entry'!AC60),'qPCR Run Entry'!AC60,"") | E59: X | H59: =IF(E59="X",10^((B59-'Standard Curve'!$B$20)/'Standard Curve'!$B$19),IF(F59="X",10^((C59-'Standard Curve'!$B$20)/'Standard Curve'!$B$19),IF(G59="X",10^((D59-'Standard Curve'!$B$20)/'Standard Curve'!$B$19),""))) -> #VALUE! | I59: =AVERAGE(H59:H60) -> #VALUE! | J59: =STDEV(H59:H60) -> #VALUE! | K59: =AVERAGE(H59:H60) -> #VALUE! | L59: =STDEV(H59:H60) -> #VALUE! | M59: =L59/K59 -> #VALUE! | N59: =IF(M59<40%, "Pass","Fail") -> #VALUE! | O59: =IF(OR(B59 <'Outlier Check'!$L$2, B60 <'Outlier Check'!$L$2, C59 <'Outlier Check'!$L$2, C60 <'Outlier Check'!$L$2, D59 <'Outlier Check'!$L$2, D60 <'Outlier Check'!$L$2), "Fail", "Pass") -> Pass | P59: =IF(AND(H59>=45, H60>=45), "Pass", "Fail") -> #VALUE! | Q59: =IF(AND(H59>=100, H60>=100), "Pass", "Fail") -> #VALUE!
B60: =IF(ISNUMBER('qPCR Run Entry'!G61),'qPCR Run Entry'!G61,"") | C60: =IF(ISNUMBER('qPCR Run Entry'!R61),'qPCR Run Entry'!R61,"") | D60: =IF(ISNUMBER('qPCR Run Entry'!AC61),'qPCR Run Entry'!AC61,"") | E60: X | H60: =IF(E60="X",10^((B60-'Standard Curve'!$B$20)/'Standard Curve'!$B$19),IF(F60="X",10^((C60-'Standard Curve'!$B$20)/'Standard Curve'!$B$19),IF(G60="X",10^((D60-'Standard Curve'!$B$20)/'Standard Curve'!$B$19),""))) -> #VALUE! | I60: =AVERAGE(H59:H60) -> #VALUE! | J60: =STDEV(H59:H60) -> #VALUE!
A61: ='Sample Metadata'!D31 -> 0 | B61: =IF(ISNUMBER('qPCR Run Entry'!G62),'qPCR Run Entry'!G62,"") | C61: =IF(ISNUMBER('qPCR Run Entry'!R62),'qPCR Run Entry'!R62,"") | D61: =IF(ISNUMBER('qPCR Run Entry'!AC62),'qPCR Run Entry'!AC62,"") | E61: X | H61: =IF(E61="X",10^((B61-'Standard Curve'!$B$20)/'Standard Curve'!$B$19),IF(F61="X",10^((C61-'Standard Curve'!$B$20)/'Standard Curve'!$B$19),IF(G61="X",10^((D61-'Standard Curve'!$B$20)/'Standard Curve'!$B$19),""))) -> #VALUE! | I61: =AVERAGE(H61:H62) -> #VALUE! | J61: =STDEV(H61:H62) -> #VALUE! | K61: =AVERAGE(H61:H62) -> #VALUE! | L61: =STDEV(H61:H62) -> #VALUE! | M61: =L61/K61 -> #VALUE! | N61: =IF(M61<40%, "Pass","Fail") -> #VALUE! | O61: =IF(OR(B61 <'Outlier Check'!$L$2, B62 <'Outlier Check'!$L$2, C61 <'Outlier Check'!$L$2, C62 <'Outlier Check'!$L$2, D61 <'Outlier Check'!$L$2, D62 <'Outlier Check'!$L$2), "Fail", "Pass") -> Pass | P61: =IF(AND(H61>=45, H62>=45), "Pass", "Fail") -> #VALUE! | Q61: =IF(AND(H61>=100, H62>=100), "Pass", "Fail") -> #VALUE!
B62: =IF(ISNUMBER('qPCR Run Entry'!G63),'qPCR Run Entry'!G63,"") | C62: =IF(ISNUMBER('qPCR Run Entry'!R63),'qPCR Run Entry'!R63,"") | D62: =IF(ISNUMBER('qPCR Run Entry'!AC63),'qPCR Run Entry'!AC63,"") | E62: X | H62: =IF(E62="X",10^((B62-'Standard Curve'!$B$20)/'Standard Curve'!$B$19),IF(F62="X",10^((C62-'Standard Curve'!$B$20)/'Standard Curve'!$B$19),IF(G62="X",10^((D62-'Standard Curve'!$B$20)/'Standard Curve'!$B$19),""))) -> #VALUE! | I62: =AVERAGE(H61:H62) -> #VALUE! | J62: =STDEV(H61:H62) -> #VALUE!
A63: ='Sample Metadata'!D32 -> 0 | B63: =IF(ISNUMBER('qPCR Run Entry'!G64),'qPCR Run Entry'!G64,"") | C63: =IF(ISNUMBER('qPCR Run Entry'!R64),'qPCR Run Entry'!R64,"") | D63: =IF(ISNUMBER('qPCR Run Entry'!AC64),'qPCR Run Entry'!AC64,"") | E63: X | H63: =IF(E63="X",10^((B63-'Standard Curve'!$B$20)/'Standard Curve'!$B$19),IF(F63="X",10^((C63-'Standard Curve'!$B$20)/'Standard Curve'!$B$19),IF(G63="X",10^((D63-'Standard Curve'!$B$20)/'Standard Curve'!$B$19),""))) -> #VALUE! | I63: =AVERAGE(H63:H64) -> #VALUE! | J63: =STDEV(H63:H64) -> #VALUE! | K63: =AVERAGE(H63:H64) -> #VALUE! | L63: =STDEV(H63:H64) -> #VALUE! | M63: =L63/K63 -> #VALUE! | N63: =IF(M63<40%, "Pass","Fail") -> #VALUE! | O63: =IF(OR(B63 <'Outlier Check'!$L$2, B64 <'Outlier Check'!$L$2, C63 <'Outlier Check'!$L$2, C64 <'Outlier Check'!$L$2, D63 <'Outlier Check'!$L$2, D64 <'Outlier Check'!$L$2), "Fail", "Pass") -> Pass | P63: =IF(AND(H63>=45, H64>=45), "Pass", "Fail") -> #VALUE! | Q63: =IF(AND(H63>=100, H64>=100), "Pass", "Fail") -> #VALUE!
B64: =IF(ISNUMBER('qPCR Run Entry'!G65),'qPCR Run Entry'!G65,"") | C64: =IF(ISNUMBER('qPCR Run Entry'!R65),'qPCR Run Entry'!R65,"") | D64: =IF(ISNUMBER('qPCR Run Entry'!AC65),'qPCR Run Entry'!AC65,"") | E64: X | H64: =IF(E64="X",10^((B64-'Standard Curve'!$B$20)/'Standard Curve'!$B$19),IF(F64="X",10^((C64-'Standard Curve'!$B$20)/'Standard Curve'!$B$19),IF(G64="X",10^((D64-'Standard Curve'!$B$20)/'Standard Curve'!$B$19),""))) -> #VALUE! | I64: =AVERAGE(H63:H64) -> #VALUE! | J64: =STDEV(H63:H64) -> #VALUE!
A65: ='Sample Metadata'!D33 -> 0 | B65: =IF(ISNUMBER('qPCR Run Entry'!G66),'qPCR Run Entry'!G66,"") | C65: =IF(ISNUMBER('qPCR Run Entry'!R66),'qPCR Run Entry'!R66,"") | D65: =IF(ISNUMBER('qPCR Run Entry'!AC66),'qPCR Run Entry'!AC66,"") | E65: X | H65: =IF(E65="X",10^((B65-'Standard Curve'!$B$20)/'Standard Curve'!$B$19),IF(F65="X",10^((C65-'Standard Curve'!$B$20)/'Standard Curve'!$B$19),IF(G65="X",10^((D65-'Standard Curve'!$B$20)/'Standard Curve'!$B$19),""))) -> #VALUE! | I65: =AVERAGE(H65:H66) -> #VALUE! | J65: =STDEV(H65:H66) -> #VALUE! | K65: =AVERAGE(H65:H66) -> #VALUE! | L65: =STDEV(H65:H66) -> #VALUE! | M65: =L65/K65 -> #VALUE! | N65: =IF(M65<40%, "Pass","Fail") -> #VALUE! | O65: =IF(OR(B65 <'Outlier Check'!$L$2, B66 <'Outlier Check'!$L$2, C65 <'Outlier Check'!$L$2, C66 <'Outlier Check'!$L$2, D65 <'Outlier Check'!$L$2, D66 <'Outlier Check'!$L$2), "Fail", "Pass") -> Pass | P65: =IF(AND(H65>=45, H66>=45), "Pass", "Fail") -> #VALUE! | Q65: =IF(AND(H65>=100, H66>=100), "Pass", "Fail") -> #VALUE!
B66: =IF(ISNUMBER('qPCR Run Entry'!G67),'qPCR Run Entry'!G67,"") | C66: =IF(ISNUMBER('qPCR Run Entry'!R67),'qPCR Run Entry'!R67,"") | D66: =IF(ISNUMBER('qPCR Run Entry'!AC67),'qPCR Run Entry'!AC67,"") | E66: X | H66: =IF(E66="X",10^((B66-'Standard Curve'!$B$20)/'Standard Curve'!$B$19),IF(F66="X",10^((C66-'Standard Curve'!$B$20)/'Standard Curve'!$B$19),IF(G66="X",10^((D66-'Standard Curve'!$B$20)/'Standard Curve'!$B$19),""))) -> #VALUE! | I66: =AVERAGE(H65:H66) -> #VALUE! | J66: =STDEV(H65:H66) -> #VALUE!
A67: ='Sample Metadata'!D34 -> 0 | B67: =IF(ISNUMBER('qPCR Run Entry'!G68),'qPCR Run Entry'!G68,"") | C67: =IF(ISNUMBER('qPCR Run Entry'!R68),'qPCR Run Entry'!R68,"") | D67: =IF(ISNUMBER('qPCR Run Entry'!AC68),'qPCR Run Entry'!AC68,"") | E67: X | H67: =IF(E67="X",10^((B67-'Standard Curve'!$B$20)/'Standard Curve'!$B$19),IF(F67="X",10^((C67-'Standard Curve'!$B$20)/'Standard Curve'!$B$19),IF(G67="X",10^((D67-'Standard Curve'!$B$20)/'Standard Curve'!$B$19),""))) -> #VALUE! | I67: =AVERAGE(H67:H68) -> #VALUE! | J67: =STDEV(H67:H68) -> #VALUE! | K67: =AVERAGE(H67:H68) -> #VALUE! | L67: =STDEV(H67:H68) -> #VALUE! | M67: =L67/K67 -> #VALUE! | N67: =IF(M67<40%, "Pass","Fail") -> #VALUE! | O67: =IF(OR(B67 <'Outlier Check'!$L$2, B68 <'Outlier Check'!$L$2, C67 <'Outlier Check'!$L$2, C68 <'Outlier Check'!$L$2, D67 <'Outlier Check'!$L$2, D68 <'Outlier Check'!$L$2), "Fail", "Pass") -> Pass | P67: =IF(AND(H67>=45, H68>=45), "Pass", "Fail") -> #VALUE! | Q67: =IF(AND(H67>=100, H68>=100), "Pass", "Fail") -> #VALUE!
B68: =IF(ISNUMBER('qPCR Run Entry'!G69),'qPCR Run Entry'!G69,"") | C68: =IF(ISNUMBER('qPCR Run Entry'!R69),'qPCR Run Entry'!R69,"") | D68: =IF(ISNUMBER('qPCR Run Entry'!AC69),'qPCR Run Entry'!AC69,"") | E68: X | H68: =IF(E68="X",10^((B68-'Standard Curve'!$B$20)/'Standard Curve'!$B$19),IF(F68="X",10^((C68-'Standard Curve'!$B$20)/'Standard Curve'!$B$19),IF(G68="X",10^((D68-'Standard Curve'!$B$20)/'Standard Curve'!$B$19),""))) -> #VALUE! | I68: =AVERAGE(H67:H68) -> #VALUE! | J68: =STDEV(H67:H68) -> #VALUE!
A69: ='Sample Metadata'!D35 -> 0 | B69: =IF(ISNUMBER('qPCR Run Entry'!G70),'qPCR Run Entry'!G70,"") | C69: =IF(ISNUMBER('qPCR Run Entry'!R70),'qPCR Run Entry'!R70,"") | D69: =IF(ISNUMBER('qPCR Run Entry'!AC70),'qPCR Run Entry'!AC70,"") | E69: X | H69: =IF(E69="X",10^((B69-'Standard Curve'!$B$20)/'Standard Curve'!$B$19),IF(F69="X",10^((C69-'Standard Curve'!$B$20)/'Standard Curve'!$B$19),IF(G69="X",10^((D69-'Standard Curve'!$B$20)/'Standard Curve'!$B$19),""))) -> #VALUE! | I69: =AVERAGE(H69:H70) -> #VALUE! | J69: =STDEV(H69:H70) -> #VALUE! | K69: =AVERAGE(H69:H70) -> #VALUE! | L69: =STDEV(H69:H70) -> #VALUE! | M69: =L69/K69 -> #VALUE! | N69: =IF(M69<40%, "Pass","Fail") -> #VALUE! | O69: =IF(OR(B69 <'Outlier Check'!$L$2, B70 <'Outlier Check'!$L$2, C69 <'Outlier Check'!$L$2, C70 <'Outlier Check'!$L$2, D69 <'Outlier Check'!$L$2, D70 <'Outlier Check'!$L$2), "Fail", "Pass") -> Pass | P69: =IF(AND(H69>=45, H70>=45), "Pass", "Fail") -> #VALUE! | Q69: =IF(AND(H69>=100, H70>=100), "Pass", "Fail") -> #VALUE!
B70: =IF(ISNUMBER('qPCR Run Entry'!G71),'qPCR Run Entry'!G71,"") | C70: =IF(ISNUMBER('qPCR Run Entry'!R71),'qPCR Run Entry'!R71,"") | D70: =IF(ISNUMBER('qPCR Run Entry'!AC71),'qPCR Run Entry'!AC71,"") | E70: X | H70: =IF(E70="X",10^((B70-'Standard Curve'!$B$20)/'Standard Curve'!$B$19),IF(F70="X",10^((C70-'Standard Curve'!$B$20)/'Standard Curve'!$B$19),IF(G70="X",10^((D70-'Standard Curve'!$B$20)/'Standard Curve'!$B$19),""))) -> #VALUE! | I70: =AVERAGE(H69:H70) -> #VALUE! | J70: =STDEV(H69:H70) -> #VALUE!
A71: ='Sample Metadata'!D36 -> 0 | B71: =IF(ISNUMBER('qPCR Run Entry'!G72),'qPCR Run Entry'!G72,"") | C71: =IF(ISNUMBER('qPCR Run Entry'!R72),'qPCR Run Entry'!R72,"") | D71: =IF(ISNUMBER('qPCR Run Entry'!AC72),'qPCR Run Entry'!AC72,"") | E71: X | H71: =IF(E71="X",10^((B71-'Standard Curve'!$B$20)/'Standard Curve'!$B$19),IF(F71="X",10^((C71-'Standard Curve'!$B$20)/'Standard Curve'!$B$19),IF(G71="X",10^((D71-'Standard Curve'!$B$20)/'Standard Curve'!$B$19),""))) -> #VALUE! | I71: =AVERAGE(H71:H72) -> #VALUE! | J71: =STDEV(H71:H72) -> #VALUE! | K71: =AVERAGE(H71:H72) -> #VALUE! | L71: =STDEV(H71:H72) -> #VALUE! | M71: =L71/K71 -> #VALUE! | N71: =IF(M71<40%, "Pass","Fail") -> #VALUE! | O71: =IF(OR(B71 <'Outlier Check'!$L$2, B72 <'Outlier Check'!$L$2, C71 <'Outlier Check'!$L$2, C72 <'Outlier Check'!$L$2, D71 <'Outlier Check'!$L$2, D72 <'Outlier Check'!$L$2), "Fail", "Pass") -> Pass | P71: =IF(AND(H71>=45, H72>=45), "Pass", "Fail") -> #VALUE! | Q71: =IF(AND(H71>=100, H72>=100), "Pass", "Fail") -> #VALUE!
B72: =IF(ISNUMBER('qPCR Run Entry'!G73),'qPCR Run Entry'!G73,"") | C72: =IF(ISNUMBER('qPCR Run Entry'!R73),'qPCR Run Entry'!R73,"") | D72: =IF(ISNUMBER('qPCR Run Entry'!AC73),'qPCR Run Entry'!AC73,"") | E72: X | H72: =IF(E72="X",10^((B72-'Standard Curve'!$B$20)/'Standard Curve'!$B$19),IF(F72="X",10^((C72-'Standard Curve'!$B$20)/'Standard Curve'!$B$19),IF(G72="X",10^((D72-'Standard Curve'!$B$20)/'Standard Curve'!$B$19),""))) -> #VALUE! | I72: =AVERAGE(H71:H72) -> #VALUE! | J72: =STDEV(H71:H72) -> #VALUE!
A73: ='Sample Metadata'!D37 -> 0 | B73: =IF(ISNUMBER('qPCR Run Entry'!G74),'qPCR Run Entry'!G74,"") | C73: =IF(ISNUMBER('qPCR Run Entry'!R74),'qPCR Run Entry'!R74,"") | D73: =IF(ISNUMBER('qPCR Run Entry'!AC74),'qPCR Run Entry'!AC74,"") | E73: X | H73: =IF(E73="X",10^((B73-'Standard Curve'!$B$20)/'Standard Curve'!$B$19),IF(F73="X",10^((C73-'Standard Curve'!$B$20)/'Standard Curve'!$B$19),IF(G73="X",10^((D73-'Standard Curve'!$B$20)/'Standard Curve'!$B$19),""))) -> #VALUE! | I73: =AVERAGE(H73:H74) -> #VALUE! | J73: =STDEV(H73:H74) -> #VALUE! | K73: =AVERAGE(H73:H74) -> #VALUE! | L73: =STDEV(H73:H74) -> #VALUE! | M73: =L73/K73 -> #VALUE! | N73: =IF(M73<40%, "Pass","Fail") -> #VALUE! | O73: =IF(OR(B73 <'Outlier Check'!$L$2, B74 <'Outlier Check'!$L$2, C73 <'Outlier Check'!$L$2, C74 <'Outlier Check'!$L$2, D73 <'Outlier Check'!$L$2, D74 <'Outlier Check'!$L$2), "Fail", "Pass") -> Pass | P73: =IF(AND(H73>=45, H74>=45), "Pass", "Fail") -> #VALUE! | Q73: =IF(AND(H73>=100, H74>=100), "Pass", "Fail") -> #VALUE!
B74: =IF(ISNUMBER('qPCR Run Entry'!G75),'qPCR Run Entry'!G75,"") | C74: =IF(ISNUMBER('qPCR Run Entry'!R75),'qPCR Run Entry'!R75,"") | D74: =IF(ISNUMBER('qPCR Run Entry'!AC75),'qPCR Run Entry'!AC75,"") | E74: X | H74: =IF(E74="X",10^((B74-'Standard Curve'!$B$20)/'Standard Curve'!$B$19),IF(F74="X",10^((C74-'Standard Curve'!$B$20)/'Standard Curve'!$B$19),IF(G74="X",10^((D74-'Standard Curve'!$B$20)/'Standard Curve'!$B$19),""))) -> #VALUE! | I74: =AVERAGE(H73:H74) -> #VALUE! | J74: =STDEV(H73:H74) -> #VALUE!
A75: ='Sample Metadata'!D38 -> 0 | B75: =IF(ISNUMBER('qPCR Run Entry'!G76),'qPCR Run Entry'!G76,"") | C75: =IF(ISNUMBER('qPCR Run Entry'!R76),'qPCR Run Entry'!R76,"") | D75: =IF(ISNUMBER('qPCR Run Entry'!AC76),'qPCR Run Entry'!AC76,"") | E75: X | H75: =IF(E75="X",10^((B75-'Standard Curve'!$B$20)/'Standard Curve'!$B$19),IF(F75="X",10^((C75-'Standard Curve'!$B$20)/'Standard Curve'!$B$19),IF(G75="X",10^((D75-'Standard Curve'!$B$20)/'Standard Curve'!$B$19),""))) -> #VALUE! | I75: =AVERAGE(H75:H76) -> #VALUE! | J75: =STDEV(H75:H76) -> #VALUE! | K75: =AVERAGE(H75:H76) -> #VALUE! | L75: =STDEV(H75:H76) -> #VALUE! | M75: =L75/K75 -> #VALUE! | N75: =IF(M75<40%, "Pass","Fail") -> #VALUE! | O75: =IF(OR(B75 <'Outlier Check'!$L$2, B76 <'Outlier Check'!$L$2, C75 <'Outlier Check'!$L$2, C76 <'Outlier Check'!$L$2, D75 <'Outlier Check'!$L$2, D76 <'Outlier Check'!$L$2), "Fail", "Pass") -> Pass | P75: =IF(AND(H75>=45, H76>=45), "Pass", "Fail") -> #VALUE! | Q75: =IF(AND(H75>=100, H76>=100), "Pass", "Fail") -> #VALUE!
B76: =IF(ISNUMBER('qPCR Run Entry'!G77),'qPCR Run Entry'!G77,"") | C76: =IF(ISNUMBER('qPCR Run Entry'!R77),'qPCR Run Entry'!R77,"") | D76: =IF(ISNUMBER('qPCR Run Entry'!AC77),'qPCR Run Entry'!AC77,"") | E76: X | H76: =IF(E76="X",10^((B76-'Standard Curve'!$B$20)/'Standard Curve'!$B$19),IF(F76="X",10^((C76-'Standard Curve'!$B$20)/'Standard Curve'!$B$19),IF(G76="X",10^((D76-'Standard Curve'!$B$20)/'Standard Curve'!$B$19),""))) -> #VALUE! | I76: =AVERAGE(H75:H76) -> #VALUE! | J76: =STDEV(H75:H76) -> #VALUE!
A77: ='Sample Metadata'!D39 -> 0 | B77: =IF(ISNUMBER('qPCR Run Entry'!G78),'qPCR Run Entry'!G78,"") | C77: =IF(ISNUMBER('qPCR Run Entry'!R78),'qPCR Run Entry'!R78,"") | D77: =IF(ISNUMBER('qPCR Run Entry'!AC78),'qPCR Run Entry'!AC78,"") | E77: X | H77: =IF(E77="X",10^((B77-'Standard Curve'!$B$20)/'Standard Curve'!$B$19),IF(F77="X",10^((C77-'Standard Curve'!$B$20)/'Standard Curve'!$B$19),IF(G77="X",10^((D77-'Standard Curve'!$B$20)/'Standard Curve'!$B$19),""))) -> #VALUE! | I77: =AVERAGE(H77:H78) -> #VALUE! | J77: =STDEV(H77:H78) -> #VALUE! | K77: =AVERAGE(H77:H78) -> #VALUE! | L77: =STDEV(H77:H78) -> #VALUE! | M77: =L77/K77 -> #VALUE! | N77: =IF(M77<40%, "Pass","Fail") -> #VALUE! | O77: =IF(OR(B77 <'Outlier Check'!$L$2, B78 <'Outlier Check'!$L$2, C77 <'Outlier Check'!$L$2, C78 <'Outlier Check'!$L$2, D77 <'Outlier Check'!$L$2, D78 <'Outlier Check'!$L$2), "Fail", "Pass") -> Pass | P77: =IF(AND(H77>=45, H78>=45), "Pass", "Fail") -> #VALUE! | Q77: =IF(AND(H77>=100, H78>=100), "Pass", "Fail") -> #VALUE!
B78: =IF(ISNUMBER('qPCR Run Entry'!G79),'qPCR Run Entry'!G79,"") | C78: =IF(ISNUMBER('qPCR Run Entry'!R79),'qPCR Run Entry'!R79,"") | D78: =IF(ISNUMBER('qPCR Run Entry'!AC79),'qPCR Run Entry'!AC79,"") | E78: X | H78: =IF(E78="X",10^((B78-'Standard Curve'!$B$20)/'Standard Curve'!$B$19),IF(F78="X",10^((C78-'Standard Curve'!$B$20)/'Standard Curve'!$B$19),IF(G78="X",10^((D78-'Standard Curve'!$B$20)/'Standard Curve'!$B$19),""))) -> #VALUE! | I78: =AVERAGE(H77:H78) -> #VALUE! | J78: =STDEV(H77:H78) -> #VALUE!
A79: ='Sample Metadata'!D40 -> 0 | B79: =IF(ISNUMBER('qPCR Run Entry'!G80),'qPCR Run Entry'!G80,"") | C79: =IF(ISNUMBER('qPCR Run Entry'!R80),'qPCR Run Entry'!R80,"") | D79: =IF(ISNUMBER('qPCR Run Entry'!AC80),'qPCR Run Entry'!AC80,"") | E79: X | H79: =IF(E79="X",10^((B79-'Standard Curve'!$B$20)/'Standard Curve'!$B$19),IF(F79="X",10^((C79-'Standard Curve'!$B$20)/'Standard Curve'!$B$19),IF(G79="X",10^((D79-'Standard Curve'!$B$20)/'Standard Curve'!$B$19),""))) -> #VALUE! | I79: =AVERAGE(H79:H80) -> #VALUE! | J79: =STDEV(H79:H80) -> #VALUE! | K79: =AVERAGE(H79:H80) -> #VALUE! | L79: =STDEV(H79:H80) -> #VALUE! | M79: =L79/K79 -> #VALUE! | N79: =IF(M79<40%, "Pass","Fail") -> #VALUE! | O79: =IF(OR(B79 <'Outlier Check'!$L$2, B80 <'Outlier Check'!$L$2, C79 <'Outlier Check'!$L$2, C80 <'Outlier Check'!$L$2, D79 <'Outlier Check'!$L$2, D80 <'Outlier Check'!$L$2), "Fail", "Pass") -> Pass | P79: =IF(AND(H79>=45, H80>=45), "Pass", "Fail") -> #VALUE! | Q79: =IF(AND(H79>=100, H80>=100), "Pass", "Fail") -> #VALUE!
B80: =IF(ISNUMBER('qPCR Run Entry'!G81),'qPCR Run Entry'!G81,"") | C80: =IF(ISNUMBER('qPCR Run Entry'!R81),'qPCR Run Entry'!R81,"") | D80: =IF(ISNUMBER('qPCR Run Entry'!AC81),'qPCR Run Entry'!AC81,"") | E80: X | H80: =IF(E80="X",10^((B80-'Standard Curve'!$B$20)/'Standard Curve'!$B$19),IF(F80="X",10^((C80-'Standard Curve'!$B$20)/'Standard Curve'!$B$19),IF(G80="X",10^((D80-'Standard Curve'!$B$20)/'Standard Curve'!$B$19),""))) -> #VALUE! | I80: =AVERAGE(H79:H80) -> #VALUE! | J80: =STDEV(H79:H80) -> #VALUE!
A81: ='Sample Metadata'!D41 -> 0 | B81: =IF(ISNUMBER('qPCR Run Entry'!G82),'qPCR Run Entry'!G82,"") | C81: =IF(ISNUMBER('qPCR Run Entry'!R82),'qPCR Run Entry'!R82,"") | D81: =IF(ISNUMBER('qPCR Run Entry'!AC82),'qPCR Run Entry'!AC82,"") | E81: X | H81: =IF(E81="X",10^((B81-'Standard Curve'!$B$20)/'Standard Curve'!$B$19),IF(F81="X",10^((C81-'Standard Curve'!$B$20)/'Standard Curve'!$B$19),IF(G81="X",10^((D81-'Standard Curve'!$B$20)/'Standard Curve'!$B$19),""))) -> #VALUE! | I81: =AVERAGE(H81:H82) -> #VALUE! | J81: =STDEV(H81:H82) -> #VALUE! | K81: =AVERAGE(H81:H82) -> #VALUE! | L81: =STDEV(H81:H82) -> #VALUE! | M81: =L81/K81 -> #VALUE! | N81: =IF(M81<40%, "Pass","Fail") -> #VALUE! | O81: =IF(OR(B81 <'Outlier Check'!$L$2, B82 <'Outlier Check'!$L$2, C81 <'Outlier Check'!$L$2, C82 <'Outlier Check'!$L$2, D81 <'Outlier Check'!$L$2, D82 <'Outlier Check'!$L$2), "Fail", "Pass") -> Pass | P81: =IF(AND(H81>=45, H82>=45), "Pass", "Fail") -> #VALUE! | Q81: =IF(AND(H81>=100, H82>=100), "Pass", "Fail") -> #VALUE!
B82: =IF(ISNUMBER('qPCR Run Entry'!G83),'qPCR Run Entry'!G83,"") | C82: =IF(ISNUMBER('qPCR Run Entry'!R83),'qPCR Run Entry'!R83,"") | D82: =IF(ISNUMBER('qPCR Run Entry'!AC83),'qPCR Run Entry'!AC83,"") | E82: X | H82: =IF(E82="X",10^((B82-'Standard Curve'!$B$20)/'Standard Curve'!$B$19),IF(F82="X",10^((C82-'Standard Curve'!$B$20)/'Standard Curve'!$B$19),IF(G82="X",10^((D82-'Standard Curve'!$B$20)/'Standard Curve'!$B$19),""))) -> #VALUE! | I82: =AVERAGE(H81:H82) -> #VALUE! | J82: =STDEV(H81:H82) -> #VALUE!
A83: ='Sample Metadata'!D42 -> 0 | B83: =IF(ISNUMBER('qPCR Run Entry'!G84),'qPCR Run Entry'!G84,"") | C83: =IF(ISNUMBER('qPCR Run Entry'!R84),'qPCR Run Entry'!R84,"") | D83: =IF(ISNUMBER('qPCR Run Entry'!AC84),'qPCR Run Entry'!AC84,"") | E83: X | H83: =IF(E83="X",10^((B83-'Standard Curve'!$B$20)/'Standard Curve'!$B$19),IF(F83="X",10^((C83-'Standard Curve'!$B$20)/'Standard Curve'!$B$19),IF(G83="X",10^((D83-'Standard Curve'!$B$20)/'Standard Curve'!$B$19),""))) -> #VALUE! | I83: =AVERAGE(H83:H84) -> #VALUE! | J83: =STDEV(H83:H84) -> #VALUE! | K83: =AVERAGE(H83:H84) -> #VALUE! | L83: =STDEV(H83:H84) -> #VALUE! | M83: =L83/K83 -> #VALUE! | N83: =IF(M83<40%, "Pass","Fail") -> #VALUE! | O83: =IF(OR(B83 <'Outlier Check'!$L$2, B84 <'Outlier Check'!$L$2, C83 <'Outlier Check'!$L$2, C84 <'Outlier Check'!$L$2, D83 <'Outlier Check'!$L$2, D84 <'Outlier Check'!$L$2), "Fail", "Pass") -> Pass | P83: =IF(AND(H83>=45, H84>=45), "Pass", "Fail") -> #VALUE! | Q83: =IF(AND(H83>=100, H84>=100), "Pass", "Fail") -> #VALUE!
B84: =IF(ISNUMBER('qPCR Run Entry'!G85),'qPCR Run Entry'!G85,"") | C84: =IF(ISNUMBER('qPCR Run Entry'!R85),'qPCR Run Entry'!R85,"") | D84: =IF(ISNUMBER('qPCR Run Entry'!AC85),'qPCR Run Entry'!AC85,"") | E84: X | H84: =IF(E84="X",10^((B84-'Standard Curve'!$B$20)/'Standard Curve'!$B$19),IF(F84="X",10^((C84-'Standard Curve'!$B$20)/'Standard Curve'!$B$19),IF(G84="X",10^((D84-'Standard Curve'!$B$20)/'Standard Curve'!$B$19),""))) -> #VALUE! | I84: =AVERAGE(H83:H84) -> #VALUE! | J84: =STDEV(H83:H84) -> #VALUE!
A85: ='Sample Metadata'!D43 -> 0 | B85: =IF(ISNUMBER('qPCR Run Entry'!G86),'qPCR Run Entry'!G86,"") | C85: =IF(ISNUMBER('qPCR Run Entry'!R86),'qPCR Run Entry'!R86,"") | D85: =IF(ISNUMBER('qPCR Run Entry'!AC86),'qPCR Run Entry'!AC86,"") | E85: X | H85: =IF(E85="X",10^((B85-'Standard Curve'!$B$20)/'Standard Curve'!$B$19),IF(F85="X",10^((C85-'Standard Curve'!$B$20)/'Standard Curve'!$B$19),IF(G85="X",10^((D85-'Standard Curve'!$B$20)/'Standard Curve'!$B$19),""))) -> #VALUE! | I85: =AVERAGE(H85:H86) -> #VALUE! | J85: =STDEV(H85:H86) -> #VALUE! | K85: =AVERAGE(H85:H86) -> #VALUE! | L85: =STDEV(H85:H86) -> #VALUE! | M85: =L85/K85 -> #VALUE! | N85: =IF(M85<40%, "Pass","Fail") -> #VALUE! | O85: =IF(OR(B85 <'Outlier Check'!$L$2, B86 <'Outlier Check'!$L$2, C85 <'Outlier Check'!$L$2, C86 <'Outlier Check'!$L$2, D85 <'Outlier Check'!$L$2, D86 <'Outlier Check'!$L$2), "Fail", "Pass") -> Pass | P85: =IF(AND(H85>=45, H86>=45), "Pass", "Fail") -> #VALUE! | Q85: =IF(AND(H85>=100, H86>=100), "Pass", "Fail") -> #VALUE!
B86: =IF(ISNUMBER('qPCR Run Entry'!G87),'qPCR Run Entry'!G87,"") | C86: =IF(ISNUMBER('qPCR Run Entry'!R87),'qPCR Run Entry'!R87,"") | D86: =IF(ISNUMBER('qPCR Run Entry'!AC87),'qPCR Run Entry'!AC87,"") | E86: X | H86: =IF(E86="X",10^((B86-'Standard Curve'!$B$20)/'Standard Curve'!$B$19),IF(F86="X",10^((C86-'Standard Curve'!$B$20)/'Standard Curve'!$B$19),IF(G86="X",10^((D86-'Standard Curve'!$B$20)/'Standard Curve'!$B$19),""))) -> #VALUE! | I86: =AVERAGE(H85:H86) -> #VALUE! | J86: =STDEV(H85:H86) -> #VALUE!

Sheet Results
A1: Test Results | B1: Test1 | C1: Test2 | D1: Test3 | E1: Test4 | F1: Test5 | G1: Test6 | H1: Test7 | I1: Test8 | J1: Test9 | K1: Test10 | L1: Test11
B2: =IF(COUNTIF('Outlier Check'!O2:O100,"FAIL"),"FAIL","Pass") -> Pass | C2: =IF(COUNTIF('Outlier Check'!P2:P100,"FAIL"),"FAIL","Pass") -> Pass | D2: =IF(COUNTIF('Outlier Check'!Q2:Q100,"FAIL"),"FAIL","Pass") -> Pass | E2: =IF(COUNTIF('Outlier Check'!R2:R100,"FAIL"),"FAIL","Pass") -> Pass | F2: =IF(COUNTIF(NTC!I2:I100,"FAIL"),"FAIL","Pass") -> Pass | G2: =IF(COUNTIF('Negative Controls'!I2:I101,"FAIL"),"FAIL","Pass") -> Pass | H2: =IF(COUNTIF(IAC!1:1048576,"FAIL"),"FAIL","Pass") -> Pass | I2: =IF(COUNTIF('Sample Calculation'!M3:M202,">40%"),"FAIL","Pass") -> Pass | J2: =IF(COUNTIF('Sample Calculation'!O3:O202,"Fail"),"FAIL","Pass") -> Pass | K2: =IF(COUNTIF('Sample Calculation'!P3:P202,"Fail"),"FAIL","Pass") -> Pass | L2: =IF(COUNTIF('Sample Calculation'!Q3:Q202,"Fail"),"FAIL","Pass") -> Pass
A4: Std. Curve Metrics | B4: R-squared | C4: Slope | D4: Y-Intercept | E4: Efficiency | F4: Assay
B5: ='Standard Curve'!B18 | C5: ='Standard Curve'!B19 | D5: ='Standard Curve'!B20 | E5: ='Standard Curve'!B17 | F5: ='Standard Curve'!B21 -> Phytoxigene Total Cyano
B6: ='Standard Curve'!D18 -> Pass | E6: ='Standard Curve'!D17 -> FAIL
A8: Sample Name | B8: Target Name | C8: Mean CPR | D8: CPR_Stdev | E8: Dilution Factor | F8: Template Volume (uL) | G8: Elution Volume (uL) | H8: Volume Filtered (mL) | J8: Sample Value | K8: Sample Stdev | L8: Units
A9: ='Sample Metadata'!D2 -> 0 | B9: ='qPCR Run Entry'!E4 -> 0 | C9: ='Sample Calculation'!I3 -> #VALUE! | D9: ='Sample Calculation'!J3 -> #VALUE! | F9: {='Sample Metadata'!I2:I43} -> 5 | G9: ='Sample Metadata'!H2 -> 0 | H9: ='Sample Metadata'!F2 -> 0 | J9: =((C9*E9)/F9)*(G9/H9) -> #VALUE! | K9: =((D9*E9)/F9)*(G9/H9) -> #VALUE! | L9: copies/mL
A10: ='Sample Metadata'!D3 -> 0 | B10: ='qPCR Run Entry'!E5 -> 0 | C10: ='Sample Calculation'!I5 -> #VALUE! | D10: ='Sample Calculation'!J5 -> #VALUE! | F10: 5 | G10: ='Sample Metadata'!H3 -> 0 | H10: ='Sample Metadata'!F3 -> 0 | J10: =((C10*E10)/F10)*(G10/H10) -> #VALUE! | K10: =((D10*E10)/F10)*(G10/H10) -> #VALUE! | L10: copies/mL
A11: ='Sample Metadata'!D4 -> 0 | B11: ='qPCR Run Entry'!E6 -> 0 | C11: ='Sample Calculation'!I7 -> #VALUE! | D11: ='Sample Calculation'!J7 -> #VALUE! | F11: 5 | G11: ='Sample Metadata'!H4 -> 0 | H11: ='Sample Metadata'!F4 -> 0 | J11: =((C11*E11)/F11)*(G11/H11) -> #VALUE! | K11: =((D11*E11)/F11)*(G11/H11) -> #VALUE! | L11: copies/mL
A12: ='Sample Metadata'!D5 -> 0 | B12: ='qPCR Run Entry'!E7 -> 0 | C12: ='Sample Calculation'!I9 -> #VALUE! | D12: ='Sample Calculation'!J9 -> #VALUE! | F12: 5 | G12: ='Sample Metadata'!H5 -> 0 | H12: ='Sample Metadata'!F5 -> 0 | J12: =((C12*E12)/F12)*(G12/H12) -> #VALUE! | K12: =((D12*E12)/F12)*(G12/H12) -> #VALUE! | L12: copies/mL
A13: ='Sample Metadata'!D6 -> 0 | B13: ='qPCR Run Entry'!E8 -> 0 | C13: ='Sample Calculation'!I11 -> #VALUE! | D13: ='Sample Calculation'!J11 -> #VALUE! | F13: 5 | G13: ='Sample Metadata'!H6 -> 0 | H13: ='Sample Metadata'!F6 -> 0 | J13: =((C13*E13)/F13)*(G13/H13) -> #VALUE! | K13: =((D13*E13)/F13)*(G13/H13) -> #VALUE! | L13: copies/mL
A14: ='Sample Metadata'!D7 -> 0 | B14: ='qPCR Run Entry'!E9 -> 0 | C14: ='Sample Calculation'!I13 -> #VALUE! | D14: ='Sample Calculation'!J13 -> #VALUE! | F14: 5 | G14: ='Sample Metadata'!H7 -> 0 | H14: ='Sample Metadata'!F7 -> 0 | J14: =((C14*E14)/F14)*(G14/H14) -> #VALUE! | K14: =((D14*E14)/F14)*(G14/H14) -> #VALUE! | L14: copies/mL
A15: ='Sample Metadata'!D8 -> 0 | B15: ='qPCR Run Entry'!E10 -> 0 | C15: ='Sample Calculation'!I15 -> #VALUE! | D15: ='Sample Calculation'!J15 -> #VALUE! | F15: 5 | G15: ='Sample Metadata'!H8 -> 0 | H15: ='Sample Metadata'!F8 -> 0 | J15: =((C15*E15)/F15)*(G15/H15) -> #VALUE! | K15: =((D15*E15)/F15)*(G15/H15) -> #VALUE! | L15: copies/mL
A16: ='Sample Metadata'!D9 -> 0 | B16: ='qPCR Run Entry'!E11 -> 0 | C16: ='Sample Calculation'!I17 -> #VALUE! | D16: ='Sample Calculation'!J17 -> #VALUE! | F16: 5 | G16: ='Sample Metadata'!H9 -> 0 | H16: ='Sample Metadata'!F9 -> 0 | J16: =((C16*E16)/F16)*(G16/H16) -> #VALUE! | K16: =((D16*E16)/F16)*(G16/H16) -> #VALUE! | L16: copies/mL
A17: ='Sample Metadata'!D10 -> 0 | B17: ='qPCR Run Entry'!E12 -> 0 | C17: ='Sample Calculation'!I19 -> #VALUE! | D17: ='Sample Calculation'!J19 -> #VALUE! | F17: 5 | G17: ='Sample Metadata'!H10 -> 0 | H17: ='Sample Metadata'!F10 -> 0 | J17: =((C17*E17)/F17)*(G17/H17) -> #VALUE! | K17: =((D17*E17)/F17)*(G17/H17) -> #VALUE! | L17: copies/mL
A18: ='Sample Metadata'!D11 -> 0 | B18: ='qPCR Run Entry'!E13 -> 0 | C18: ='Sample Calculation'!I21 -> #VALUE! | D18: ='Sample Calculation'!J21 -> #VALUE! | F18: 5 | G18: ='Sample Metadata'!H11 -> 0 | H18: ='Sample Metadata'!F11 -> 0 | J18: =((C18*E18)/F18)*(G18/H18) -> #VALUE! | K18: =((D18*E18)/F18)*(G18/H18) -> #VALUE! | L18: copies/mL
A19: ='Sample Metadata'!D12 -> 0 | B19: ='qPCR Run Entry'!E14 -> 0 | C19: ='Sample Calculation'!I23 -> #VALUE! | D19: ='Sample Calculation'!J23 -> #VALUE! | F19: 5 | G19: ='Sample Metadata'!H12 -> 0 | H19: ='Sample Metadata'!F12 -> 0 | J19: =((C19*E19)/F19)*(G19/H19) -> #VALUE! | K19: =((D19*E19)/F19)*(G19/H19) -> #VALUE! | L19: copies/mL
A20: ='Sample Metadata'!D13 -> 0 | B20: ='qPCR Run Entry'!E15 -> 0 | C20: ='Sample Calculation'!I25 -> #VALUE! | D20: ='Sample Calculation'!J25 -> #VALUE! | F20: 5 | G20: ='Sample Metadata'!H13 -> 0 | H20: ='Sample Metadata'!F13 -> 0 | J20: =((C20*E20)/F20)*(G20/H20) -> #VALUE! | K20: =((D20*E20)/F20)*(G20/H20) -> #VALUE! | L20: copies/mL
A21: ='Sample Metadata'!D14 -> 0 | B21: ='qPCR Run Entry'!E16 -> 0 | C21: ='Sample Calculation'!I27 -> #VALUE! | D21: ='Sample Calculation'!J27 -> #VALUE! | F21: 5 | G21: ='Sample Metadata'!H14 -> 0 | H21: ='Sample Metadata'!F14 -> 0 | J21: =((C21*E21)/F21)*(G21/H21) -> #VALUE! | K21: =((D21*E21)/F21)*(G21/H21) -> #VALUE! | L21: copies/mL
A22: ='Sample Metadata'!D15 -> 0 | B22: ='qPCR Run Entry'!E17 -> 0 | C22: ='Sample Calculation'!I29 -> #VALUE! | D22: ='Sample Calculation'!J29 -> #VALUE! | F22: 5 | G22: ='Sample Metadata'!H15 -> 0 | H22: ='Sample Metadata'!F15 -> 0 | J22: =((C22*E22)/F22)*(G22/H22) -> #VALUE! | K22: =((D22*E22)/F22)*(G22/H22) -> #VALUE! | L22: copies/mL
A23: ='Sample Metadata'!D16 -> 0 | B23: ='qPCR Run Entry'!E18 -> 0 | C23: ='Sample Calculation'!I31 -> #VALUE! | D23: ='Sample Calculation'!J31 -> #VALUE! | F23: 5 | G23: ='Sample Metadata'!H16 -> 0 | H23: ='Sample Metadata'!F16 -> 0 | J23: =((C23*E23)/F23)*(G23/H23) -> #VALUE! | K23: =((D23*E23)/F23)*(G23/H23) -> #VALUE! | L23: copies/mL
A24: ='Sample Metadata'!D17 -> 0 | B24: ='qPCR Run Entry'!E19 -> 0 | C24: ='Sample Calculation'!I33 -> #VALUE! | D24: ='Sample Calculation'!J33 -> #VALUE! | F24: 5 | G24: ='Sample Metadata'!H17 -> 0 | H24: ='Sample Metadata'!F17 -> 0 | J24: =((C24*E24)/F24)*(G24/H24) -> #VALUE! | K24: =((D24*E24)/F24)*(G24/H24) -> #VALUE! | L24: copies/mL
A25: ='Sample Metadata'!D18 -> 0 | B25: ='qPCR Run Entry'!E20 -> 0 | C25: ='Sample Calculation'!I35 -> #VALUE! | D25: ='Sample Calculation'!J35 -> #VALUE! | F25: 5 | G25: ='Sample Metadata'!H18 -> 0 | H25: ='Sample Metadata'!F18 -> 0 | J25: =((C25*E25)/F25)*(G25/H25) -> #VALUE! | K25: =((D25*E25)/F25)*(G25/H25) -> #VALUE! | L25: copies/mL
A26: ='Sample Metadata'!D19 -> 0 | B26: ='qPCR Run Entry'!E21 -> 0 | C26: ='Sample Calculation'!I37 -> #VALUE! | D26: ='Sample Calculation'!J37 -> #VALUE! | F26: 5 | G26: ='Sample Metadata'!H19 -> 0 | H26: ='Sample Metadata'!F19 -> 0 | J26: =((C26*E26)/F26)*(G26/H26) -> #VALUE! | K26: =((D26*E26)/F26)*(G26/H26) -> #VALUE! | L26: copies/mL
A27: ='Sample Metadata'!D20 -> 0 | B27: ='qPCR Run Entry'!E22 -> 0 | C27: ='Sample Calculation'!I39 -> #VALUE! | D27: ='Sample Calculation'!J39 -> #VALUE! | F27: 5 | G27: ='Sample Metadata'!H20 -> 0 | H27: ='Sample Metadata'!F20 -> 0 | J27: =((C27*E27)/F27)*(G27/H27) -> #VALUE! | K27: =((D27*E27)/F27)*(G27/H27) -> #VALUE! | L27: copies/mL
A28: ='Sample Metadata'!D21 -> 0 | B28: ='qPCR Run Entry'!E23 -> 0 | C28: ='Sample Calculation'!I41 -> #VALUE! | D28: ='Sample Calculation'!J41 -> #VALUE! | F28: 5 | G28: ='Sample Metadata'!H21 -> 0 | H28: ='Sample Metadata'!F21 -> 0 | J28: =((C28*E28)/F28)*(G28/H28) -> #VALUE! | K28: =((D28*E28)/F28)*(G28/H28) -> #VALUE! | L28: copies/mL
A29: ='Sample Metadata'!D22 -> 0 | B29: ='qPCR Run Entry'!E24 -> 0 | C29: ='Sample Calculation'!I43 -> #VALUE! | D29: ='Sample Calculation'!J43 -> #VALUE! | F29: 5 | G29: ='Sample Metadata'!H22 -> 0 | H29: ='Sample Metadata'!F22 -> 0 | J29: =((C29*E29)/F29)*(G29/H29) -> #VALUE! | K29: =((D29*E29)/F29)*(G29/H29) -> #VALUE! | L29: copies/mL
A30: ='Sample Metadata'!D23 -> 0 | B30: ='qPCR Run Entry'!E25 -> 0 | C30: ='Sample Calculation'!I45 -> #VALUE! | D30: ='Sample Calculation'!J45 -> #VALUE! | F30: 5 | G30: ='Sample Metadata'!H23 -> 0 | H30: ='Sample Metadata'!F23 -> 0 | J30: =((C30*E30)/F30)*(G30/H30) -> #VALUE! | K30: =((D30*E30)/F30)*(G30/H30) -> #VALUE! | L30: copies/mL
A31: ='Sample Metadata'!D24 -> 0 | B31: ='qPCR Run Entry'!E26 -> 0 | C31: ='Sample Calculation'!I47 -> #VALUE! | D31: ='Sample Calculation'!J47 -> #VALUE! | F31: 5 | G31: ='Sample Metadata'!H24 -> 0 | H31: ='Sample Metadata'!F24 -> 0 | J31: =((C31*E31)/F31)*(G31/H31) -> #VALUE! | K31: =((D31*E31)/F31)*(G31/H31) -> #VALUE! | L31: copies/mL
A32: ='Sample Metadata'!D25 -> 0 | B32: ='qPCR Run Entry'!E27 -> 0 | C32: ='Sample Calculation'!I49 -> #VALUE! | D32: ='Sample Calculation'!J49 -> #VALUE! | F32: 5 | G32: ='Sample Metadata'!H25 -> 0 | H32: ='Sample Metadata'!F25 -> 0 | J32: =((C32*E32)/F32)*(G32/H32) -> #VALUE! | K32: =((D32*E32)/F32)*(G32/H32) -> #VALUE! | L32: copies/mL
A33: ='Sample Metadata'!D26 -> 0 | B33: ='qPCR Run Entry'!E28 -> 0 | C33: ='Sample Calculation'!I51 -> #VALUE! | D33: ='Sample Calculation'!J51 -> #VALUE! | F33: 5 | G33: ='Sample Metadata'!H26 -> 0 | H33: ='Sample Metadata'!F26 -> 0 | J33: =((C33*E33)/F33)*(G33/H33) -> #VALUE! | K33: =((D33*E33)/F33)*(G33/H33) -> #VALUE! | L33: copies/mL
A34: ='Sample Metadata'!D27 -> 0 | B34: ='qPCR Run Entry'!E29 -> 0 | C34: ='Sample Calculation'!I53 -> #VALUE! | D34: ='Sample Calculation'!J53 -> #VALUE! | F34: 5 | G34: ='Sample Metadata'!H27 -> 0 | H34: ='Sample Metadata'!F27 -> 0 | J34: =((C34*E34)/F34)*(G34/H34) -> #VALUE! | K34: =((D34*E34)/F34)*(G34/H34) -> #VALUE! | L34: copies/mL
A35: ='Sample Metadata'!D28 -> 0 | B35: ='qPCR Run Entry'!E30 -> 0 | C35: ='Sample Calculation'!I55 -> #VALUE! | D35: ='Sample Calculation'!J55 -> #VALUE! | F35: 5 | G35: ='Sample Metadata'!H28 -> 0 | H35: ='Sample Metadata'!F28 -> 0 | J35: =((C35*E35)/F35)*(G35/H35) -> #VALUE! | K35: =((D35*E35)/F35)*(G35/H35) -> #VALUE! | L35: copies/mL
A36: ='Sample Metadata'!D29 -> 0 | B36: ='qPCR Run Entry'!E31 -> 0 | C36: ='Sample Calculation'!I57 -> #VALUE! | D36: ='Sample Calculation'!J57 -> #VALUE! | F36: 5 | G36: ='Sample Metadata'!H29 -> 0 | H36: ='Sample Metadata'!F29 -> 0 | J36: =((C36*E36)/F36)*(G36/H36) -> #VALUE! | K36: =((D36*E36)/F36)*(G36/H36) -> #VALUE! | L36: copies/mL
A37: ='Sample Metadata'!D30 -> 0 | B37: ='qPCR Run Entry'!E32 -> 0 | C37: ='Sample Calculation'!I59 -> #VALUE! | D37: ='Sample Calculation'!J59 -> #VALUE! | F37: 5 | G37: ='Sample Metadata'!H30 -> 0 | H37: ='Sample Metadata'!F30 -> 0 | J37: =((C37*E37)/F37)*(G37/H37) -> #VALUE! | K37: =((D37*E37)/F37)*(G37/H37) -> #VALUE! | L37: copies/mL
A38: ='Sample Metadata'!D31 -> 0 | B38: ='qPCR Run Entry'!E33 -> 0 | C38: ='Sample Calculation'!I61 -> #VALUE! | D38: ='Sample Calculation'!J61 -> #VALUE! | F38: 5 | G38: ='Sample Metadata'!H31 -> 0 | H38: ='Sample Metadata'!F31 -> 0 | J38: =((C38*E38)/F38)*(G38/H38) -> #VALUE! | K38: =((D38*E38)/F38)*(G38/H38) -> #VALUE! | L38: copies/mL
A39: ='Sample Metadata'!D32 -> 0 | B39: ='qPCR Run Entry'!E34 -> 0 | C39: ='Sample Calculation'!I63 -> #VALUE! | D39: ='Sample Calculation'!J63 -> #VALUE! | F39: 5 | G39: ='Sample Metadata'!H32 -> 0 | H39: ='Sample Metadata'!F32 -> 0 | J39: =((C39*E39)/F39)*(G39/H39) -> #VALUE! | K39: =((D39*E39)/F39)*(G39/H39) -> #VALUE! | L39: copies/mL
A40: ='Sample Metadata'!D33 -> 0 | B40: ='qPCR Run Entry'!E35 -> 0 | C40: ='Sample Calculation'!I65 -> #VALUE! | D40: ='Sample Calculation'!J65 -> #VALUE! | F40: 5 | G40: ='Sample Metadata'!H33 -> 0 | H40: ='Sample Metadata'!F33 -> 0 | J40: =((C40*E40)/F40)*(G40/H40) -> #VALUE! | K40: =((D40*E40)/F40)*(G40/H40) -> #VALUE! | L40: copies/mL
A41: ='Sample Metadata'!D34 -> 0 | B41: ='qPCR Run Entry'!E36 -> 0 | C41: ='Sample Calculation'!I67 -> #VALUE! | D41: ='Sample Calculation'!J67 -> #VALUE! | F41: 5 | G41: ='Sample Metadata'!H34 -> 0 | H41: ='Sample Metadata'!F34 -> 0 | J41: =((C41*E41)/F41)*(G41/H41) -> #VALUE! | K41: =((D41*E41)/F41)*(G41/H41) -> #VALUE! | L41: copies/mL
